id,stateId,stateCode,sourceName,sourceUrl,targetTable,gapFamily,serviceTags,sourceFamily,crawlMethod,ledgerStatus,firstPartyMode,expectedExtractionFields,whyNeeded,promotionRule,evidenceUrl
housing-hud-pha-contacts,national,,HUD Public Housing Agency Contact Information,https://www.hud.gov/program_offices/public_indian_housing/pha/contacts,nonprofit_organizations,housing,housing,official_government_housing,static_fetch,ready_lightweight,official_or_authoritative_directory,"agency_name, state, county_or_city, phone, website",Find local public housing agencies and rental-assistance routing for families needing housing help.,Discovery or staging only until extracted rows pass public-safe validation.,https://www.hud.gov/program_offices/public_indian_housing/pha/contacts
housing-hud-resource-locator,national,,HUD Resource Locator,https://resources.hud.gov/,nonprofit_organizations,housing,housing,official_government_housing,playwright,ready_js_heavy,official_or_authoritative_directory,"resource_name, address, phone, website, service_type","Discover housing counseling, affordable housing, and local HUD-connected resources.",Discovery or staging only until extracted rows pass public-safe validation.,https://resources.hud.gov/
goods-at3-state-program-directory,national,,AT3 State Assistive Technology Program Directory,https://at3center.net/state-at-programs,nonprofit_organizations,goods_supplies,supplies|home_mods,authoritative_assistive_technology_directory,static_fetch,ready_lightweight,official_or_authoritative_directory,"program_name, state, phone, website, device_loan, reuse, financing","Find state AT programs for equipment loans, reuse, home modifications, and disability supplies.",Discovery or staging only until extracted rows pass public-safe validation.,https://at3center.net/state-at-programs/
jobs-rsa-state-vr-agencies,national,,RSA State Vocational Rehabilitation Agencies,https://rsa.ed.gov/about/states,programs,jobs_vocational,vocational_rehab|transition,official_government_vr,static_fetch,ready_lightweight,official_or_authoritative_directory,"agency_name, state, phone, website, blind_agency_flag","Find state VR agencies for jobs, transition, supported employment, and disability employment routing.",Discovery or staging only until extracted rows pass public-safe validation.,https://rsa.ed.gov/about/states
legal-lsc-get-legal-help,national,,Legal Services Corporation Get Legal Help,https://www.lsc.gov/about-lsc/what-legal-aid/get-legal-help,nonprofit_organizations,legal_aid,legal_aid|appeals,authoritative_legal_aid_directory,static_fetch,ready_lightweight,official_or_authoritative_directory,"organization_name, state, counties_served, phone, website","Find civil legal-aid organizations for benefits, housing, education, and family legal support.",Discovery or staging only until extracted rows pass public-safe validation.,https://www.lsc.gov/about-lsc/what-legal-aid/get-legal-help
legal-ndrn-member-agencies,national,,NDRN Protection and Advocacy Member Agencies,https://www.ndrn.org/about/ndrn-member-agencies,iep_advocates,advocates_legal,legal_aid|iep_advocacy|appeals,authoritative_protection_advocacy_directory,static_fetch,ready_lightweight,official_or_authoritative_directory,"agency_name, state, phone, website, disability_rights_focus",Replace weak advocate directories with official P&A agencies and disability-rights legal sources.,Discovery or staging only until extracted rows pass public-safe validation.,https://www.ndrn.org/about/ndrn-member-agencies/
legal-parent-center-hub-directory,national,,Parent Center Hub Find Your Parent Center,https://www.parentcenterhub.org/find-your-center,iep_advocates,advocates_legal,iep_advocacy|special_education|appeals,authoritative_parent_center_directory,static_fetch,ready_lightweight,official_or_authoritative_directory,"center_name, state, phone, website, service_area",Add authoritative parent training and information centers as first-party-aligned advocate/legal sources.,Discovery or staging only until extracted rows pass public-safe validation.,https://www.parentcenterhub.org/find-your-center
legal-ed-osep-dispute-resolution,national,,OSEP Dispute Resolution and Due Process Resources,https://sites.ed.gov/idea/idea-files/osep-memo-and-qa-on-dispute-resolution,iep_advocates,advocates_legal,special_education|appeals|iep_advocacy,official_special_education_dispute_guidance,static_fetch,ready_lightweight,official_or_authoritative_directory,"resource_name, dispute_type, official_links, agency_contact","Add official dispute-resolution source family for special education complaints, mediation, and due-process help.",Discovery or staging only until extracted rows pass public-safe validation.,https://sites.ed.gov/idea/idea-files/osep-memo-and-qa-on-dispute-resolution/
transport-211-national,national,,211 National Search,https://www.211.org/,nonprofit_organizations,transport_utilities_food,transport|utilities|food|housing,social_services_directory,playwright,discovery_only,third_party_directory,"local_211_operator, service_category, referral_url","Discover local help for transportation, utilities, food, housing, and emergency support.",Use only to discover first-party organization pages or local 211 operator pages before promotion.,https://www.211.org/
providers-hrsa-find-health-center,national,,HRSA Find a Health Center,https://findahealthcenter.hrsa.gov/,resource_providers,providers_care,therapy|behavioral_health|early_intervention,official_provider_directory,playwright,ready_js_heavy,official_or_authoritative_directory,"clinic_name, address, phone, website, services, sliding_fee",Find federally supported clinics that can help fill the care/provider layer.,Discovery or staging only until extracted rows pass public-safe validation.,https://findahealthcenter.hrsa.gov/
providers-medicare-care-compare,national,,Medicare Care Compare,https://www.medicare.gov/care-compare,resource_providers,providers_care,therapy|caregiving|in_home_support,official_provider_directory,playwright,discovery_only,official_or_authoritative_directory,"provider_name, address, phone, provider_type",Discover certified home health and care providers for care-related gaps.,Use for discovery and verification only; promote only if provider-level details pass public-safe validation.,https://www.medicare.gov/care-compare/
care-cil-directory,national,,ILRU Center for Independent Living Directory,https://www.ilru.org/projects/cil-net/cil-center-and-association-directory,nonprofit_organizations,care_independent_living,in_home_support|transport|home_mods|benefits,authoritative_independent_living_directory,static_fetch,ready_lightweight,official_or_authoritative_directory,"cil_name, state, address, phone, website, services","Find CILs for independent living, benefits navigation, housing, transportation, and equipment support.",Discovery or staging only until extracted rows pass public-safe validation.,https://www.ilru.org/projects/cil-net/cil-center-and-association-directory
knowledge-cdc-developmental-disabilities,national,,CDC Developmental Disabilities,https://www.cdc.gov/child-development/about/developmental-disability-basics.html,knowledge_articles,knowledge_content,early_intervention|behavioral_health,official_knowledge_source,static_fetch,ready_lightweight,official_or_authoritative_directory,"condition_overview, warning_signs, next_steps, official_links",Build source-backed explanatory content for developmental disability family journeys.,Discovery or staging only until extracted rows pass public-safe validation.,https://www.cdc.gov/child-development/about/developmental-disability-basics.html
knowledge-cdc-autism-spectrum-disorder,national,,CDC Autism Spectrum Disorder,https://www.cdc.gov/autism/about/index.html,knowledge_articles,knowledge_content,behavioral_health|early_intervention,official_knowledge_source,static_fetch,ready_lightweight,official_or_authoritative_directory,"condition_overview, signs, screening, next_steps, official_links","Build official autism journey content covering signs, screening, and next steps.",Discovery or staging only until extracted rows pass public-safe validation.,https://www.cdc.gov/autism/about/index.html
knowledge-cdc-developmental-milestones,national,,CDC Developmental Milestones,https://www.cdc.gov/act-early/milestones/index.html,knowledge_articles,knowledge_content,early_intervention,official_knowledge_source,static_fetch,ready_lightweight,official_or_authoritative_directory,"age_band, milestone_summary, warning_signs, next_steps",Build age/stage developmental guidance for early identification and referral journeys.,Discovery or staging only until extracted rows pass public-safe validation.,https://www.cdc.gov/act-early/milestones/index.html
knowledge-cdc-act-early-intervention,national,,CDC Learn the Signs Act Early Early Intervention,https://www.cdc.gov/act-early/early-intervention/index.html,knowledge_articles,knowledge_content,early_intervention|caregiving,official_knowledge_source,static_fetch,ready_lightweight,official_or_authoritative_directory,"early_intervention_overview, referral_pathways, state_contact_topics, official_links",Add an exact CDC early-intervention source to deepen post-screening referral and next-step journey guidance.,Discovery or staging only until extracted rows pass public-safe validation.,https://www.cdc.gov/act-early/early-intervention/index.html
knowledge-cdc-act-early-concerned,national,,CDC Concerned About Your Childs Development,https://www.cdc.gov/act-early/families/concerned.html,knowledge_articles,knowledge_content,early_intervention|caregiving,official_knowledge_source,static_fetch,ready_lightweight,official_or_authoritative_directory,"concern_signals, parent_next_steps, referral_actions, official_links",Add an exact CDC family next-steps source for the moment when parents are concerned and need practical action guidance.,Discovery or staging only until extracted rows pass public-safe validation.,https://www.cdc.gov/act-early/families/concerned.html
knowledge-cdc-act-early-families,national,,CDC Learn the Signs Act Early Resources for Families,https://www.cdc.gov/act-early/families/index.html,knowledge_articles,knowledge_content,early_intervention|caregiving,official_knowledge_source,static_fetch,ready_lightweight,official_or_authoritative_directory,"family_resource_types, milestone_tools, support_navigation, official_links","Add a CDC family-resources hub to deepen diagnosis, monitoring, and early-support knowledge coverage.",Discovery or staging only until extracted rows pass public-safe validation.,https://www.cdc.gov/act-early/families/index.html
knowledge-cdc-act-early-about,national,,CDC Learn the Signs Act Early About,https://www.cdc.gov/act-early/about/index.html,knowledge_articles,knowledge_content,early_intervention|caregiving,official_knowledge_source,static_fetch,ready_lightweight,official_or_authoritative_directory,"program_overview, developmental_monitoring_basics, screening_context, official_links",Add CDC program-overview context that strengthens developmental monitoring and screening explainers for families.,Discovery or staging only until extracted rows pass public-safe validation.,https://www.cdc.gov/act-early/about/index.html
knowledge-cdc-act-early-monitoring-screening,national,,CDC Developmental Monitoring and Screening,https://www.cdc.gov/act-early/about/developmental-monitoring-and-screening.html,knowledge_articles,knowledge_content,early_intervention|caregiving,official_knowledge_source,static_fetch,ready_lightweight,official_or_authoritative_directory,"monitoring_vs_screening, timing_guidance, referral_context, official_links",Add exact CDC monitoring-versus-screening guidance to deepen early-identification and next-step knowledge coverage.,Discovery or staging only until extracted rows pass public-safe validation.,https://www.cdc.gov/act-early/about/developmental-monitoring-and-screening.html
knowledge-cdc-act-early-ei-contacts,national,,CDC Early Intervention Contact Information by State,https://www.cdc.gov/act-early/early-intervention/contact-information-by-state.html,knowledge_articles,knowledge_content,early_intervention|caregiving,official_knowledge_source,static_fetch,ready_lightweight,official_or_authoritative_directory,"state_contact_overview, referral_route, state_lookup_topics, official_links",Add exact CDC early-intervention state-contact guidance to strengthen referral and handoff steps after concern or screening.,Discovery or staging only until extracted rows pass public-safe validation.,https://www.cdc.gov/act-early/early-intervention/contact-information-by-state.html
knowledge-cdc-act-early-milestone-checklists,national,,CDC Developmental Milestone Checklists,https://www.cdc.gov/act-early/resources/milestone-checklists.html,knowledge_articles,knowledge_content,early_intervention|caregiving,official_knowledge_source,static_fetch,ready_lightweight,official_or_authoritative_directory,"checklist_resources, age_band_tools, parent_use_guidance, official_links",Add exact CDC milestone-checklist guidance to deepen monitoring tools and practical family action steps.,Discovery or staging only until extracted rows pass public-safe validation.,https://www.cdc.gov/act-early/resources/milestone-checklists.html
knowledge-cdc-act-early-milestone-tracker-app,national,,CDC Milestone Tracker App,https://www.cdc.gov/act-early/milestones-app/index.html,knowledge_articles,knowledge_content,early_intervention|caregiving,official_knowledge_source,static_fetch,ready_lightweight,official_or_authoritative_directory,"app_features, milestone_tracking_use, family_next_steps, official_links",Add exact CDC milestone-tracker app guidance to strengthen practical monitoring and follow-through support for families.,Discovery or staging only until extracted rows pass public-safe validation.,https://www.cdc.gov/act-early/milestones-app/index.html
knowledge-cdc-act-early-resources,national,,CDC Learn the Signs Act Early Resources,https://www.cdc.gov/act-early/resources/index.html,knowledge_articles,knowledge_content,early_intervention|caregiving,official_knowledge_source,static_fetch,ready_lightweight,official_or_authoritative_directory,"resource_types, family_tools, professional_tools, official_links",Add the CDC act-early resources hub to deepen practical tool and handout coverage for families and helpers.,Discovery or staging only until extracted rows pass public-safe validation.,https://www.cdc.gov/act-early/resources/index.html
knowledge-cdc-act-early-other-programs,national,,CDC Learn the Signs Act Early Other Programs for Children,https://www.cdc.gov/act-early/other-programs/index.html,knowledge_articles,knowledge_content,early_intervention|caregiving,official_knowledge_source,static_fetch,ready_lightweight,official_or_authoritative_directory,"program_types, referral_options, support_pathways, official_links",Add CDC guidance on other child-support programs to strengthen referral and handoff options beyond screening alone.,Discovery or staging only until extracted rows pass public-safe validation.,https://www.cdc.gov/act-early/other-programs/index.html
knowledge-cdc-act-early-milestones-in-action,national,,CDC Milestones in Action,https://www.cdc.gov/act-early/milestones-in-action/index.html,knowledge_articles,knowledge_content,early_intervention|caregiving,official_knowledge_source,static_fetch,ready_lightweight,official_or_authoritative_directory,"example_milestones, age_examples, family_observation_guidance, official_links",Add concrete milestone examples to deepen parent recognition and monitoring guidance across early-childhood journeys.,Discovery or staging only until extracted rows pass public-safe validation.,https://www.cdc.gov/act-early/milestones-in-action/index.html
knowledge-cdc-act-early-hcp,national,,CDC Learn the Signs Act Early Resources for Healthcare Providers,https://www.cdc.gov/act-early/hcp/index.html,knowledge_articles,knowledge_content,early_intervention|caregiving,official_knowledge_source,static_fetch,ready_lightweight,official_or_authoritative_directory,"provider_resource_types, screening_supports, referral_coordination, official_links",Add CDC provider-facing guidance that strengthens how families can understand clinician screening and referral support.,Discovery or staging only until extracted rows pass public-safe validation.,https://www.cdc.gov/act-early/hcp/index.html
knowledge-cdc-developmental-screening,national,,CDC Developmental Screening,https://www.cdc.gov/child-development/screening/index.html,knowledge_articles,knowledge_content,early_intervention|behavioral_health,official_knowledge_source,static_fetch,ready_lightweight,official_or_authoritative_directory,"screening_overview, screening_timing, referral_next_steps, official_links","Add official developmental screening guidance for early identification, referrals, and next-step planning.",Discovery or staging only until extracted rows pass public-safe validation.,https://www.cdc.gov/child-development/screening/index.html
knowledge-cdc-autism-signs-symptoms,national,,CDC Autism Signs and Symptoms,https://www.cdc.gov/autism/signs-symptoms/index.html,knowledge_articles,knowledge_content,behavioral_health|early_intervention,official_knowledge_source,static_fetch,ready_lightweight,official_or_authoritative_directory,"autism_signs, early_warning_signs, developmental_differences, official_links",Add a more specific official autism early-signs source to deepen the diagnosis and screening journey.,Discovery or staging only until extracted rows pass public-safe validation.,https://www.cdc.gov/autism/signs-symptoms/index.html
knowledge-cdc-autism-diagnosis,national,,CDC Autism Diagnosis,https://www.cdc.gov/autism/diagnosis/index.html,knowledge_articles,knowledge_content,behavioral_health|early_intervention,official_knowledge_source,static_fetch,ready_lightweight,official_or_authoritative_directory,"diagnosis_process, evaluation_types, referral_steps, official_links",Add official autism diagnosis guidance covering evaluation steps and referral pathways for families.,Discovery or staging only until extracted rows pass public-safe validation.,https://www.cdc.gov/autism/diagnosis/index.html
knowledge-cdc-adhd-about,national,,CDC ADHD Overview,https://www.cdc.gov/adhd/about/index.html,knowledge_articles,knowledge_content,behavioral_health|education,official_knowledge_source,static_fetch,ready_lightweight,official_or_authoritative_directory,"condition_overview, symptom_topics, support_options, official_links","Add official ADHD overview content to deepen diagnosis, school support, and behavioral health guidance.",Discovery or staging only until extracted rows pass public-safe validation.,https://www.cdc.gov/adhd/about/index.html
knowledge-cdc-adhd-diagnosis,national,,CDC ADHD Diagnosis,https://www.cdc.gov/adhd/diagnosis/index.html,knowledge_articles,knowledge_content,behavioral_health|education,official_knowledge_source,static_fetch,ready_lightweight,official_or_authoritative_directory,"diagnosis_process, evaluation_steps, clinician_roles, official_links",Add official ADHD diagnosis guidance covering evaluation steps and clinical pathways for families.,Discovery or staging only until extracted rows pass public-safe validation.,https://www.cdc.gov/adhd/diagnosis/index.html
knowledge-cdc-adhd-symptoms,national,,CDC ADHD Symptoms and Diagnosis Criteria,https://www.cdc.gov/adhd/signs-symptoms/index.html,knowledge_articles,knowledge_content,behavioral_health|education,official_knowledge_source,static_fetch,ready_lightweight,official_or_authoritative_directory,"symptom_lists, age_patterns, school_impacts, official_links","Add a more specific official ADHD symptoms source to deepen diagnosis, school impacts, and family recognition guidance.",Discovery or staging only until extracted rows pass public-safe validation.,https://www.cdc.gov/adhd/signs-symptoms/index.html
knowledge-cdc-adhd-treatment,national,,CDC ADHD Treatment,https://www.cdc.gov/adhd/treatment/index.html,knowledge_articles,knowledge_content,behavioral_health|caregiving,official_knowledge_source,static_fetch,ready_lightweight,official_or_authoritative_directory,"treatment_options, behavior_therapy_topics, medication_topics, official_links","Add official ADHD treatment guidance covering behavior therapy, medication, and family support options.",Discovery or staging only until extracted rows pass public-safe validation.,https://www.cdc.gov/adhd/treatment/index.html
knowledge-idea-ed-special-education,national,,IDEA Individuals with Disabilities Education Act,https://sites.ed.gov/idea,knowledge_articles,knowledge_content,special_education|iep_advocacy|appeals,official_knowledge_source,static_fetch,ready_lightweight,official_or_authoritative_directory,"rights, process_steps, dispute_resolution, official_links","Build source-backed special education, IEP, and procedural safeguards content.",Discovery or staging only until extracted rows pass public-safe validation.,https://sites.ed.gov/idea/
knowledge-ed-osep-hearing-complaint-mediation,national,,OSEP IDEA Dispute Resolution Overview,https://sites.ed.gov/idea/idea-files/osep-memo-and-qa-on-dispute-resolution,knowledge_articles,knowledge_content,special_education|appeals,official_knowledge_source,static_fetch,ready_lightweight,official_or_authoritative_directory,"dispute_type, timeline, process_steps, official_links","Build official complaint, mediation, and due-process journey explainers.",Discovery or staging only until extracted rows pass public-safe validation.,https://sites.ed.gov/idea/idea-files/osep-memo-and-qa-on-dispute-resolution/
knowledge-ssa-child-disability-benefits,national,,SSA Child Disability Benefits,https://www.ssa.gov/benefits/disability/qualify.html,knowledge_articles,knowledge_content,benefits,official_knowledge_source,static_fetch,ready_lightweight,official_or_authoritative_directory,"eligibility, application_steps, evidence_needed, official_links",Build SSI and child disability benefits guidance from an official source.,Discovery or staging only until extracted rows pass public-safe validation.,https://www.ssa.gov/benefits/disability/qualify.html#anchor7
knowledge-ssa-apply-child-disability,national,,SSA Apply for Child Disability Benefits,https://www.ssa.gov/benefits/disability/apply-child.html,knowledge_articles,knowledge_content,benefits|appeals,official_knowledge_source,static_fetch,ready_lightweight,official_or_authoritative_directory,"application_steps, required_documents, appointment_process, official_links",Build child SSI application journey content with official application steps and required documents.,Discovery or staging only until extracted rows pass public-safe validation.,https://www.ssa.gov/benefits/disability/apply-child.html
knowledge-ssa-disability-appeal,national,,SSA Disability Appeal,https://www.ssa.gov/benefits/disability/appeal.html,knowledge_articles,knowledge_content,benefits|appeals,official_knowledge_source,static_fetch,ready_lightweight,official_or_authoritative_directory,"appeal_levels, filing_steps, deadlines_overview, official_links","Add official SSA disability appeal guidance to deepen denials, reconsideration, and hearing-path support for families.",Discovery or staging only until extracted rows pass public-safe validation.,https://www.ssa.gov/benefits/disability/appeal.html
knowledge-cms-medicaid-chip,national,,Medicaid and CHIP Information from CMS,https://www.medicaid.gov/medicaid/index.html,knowledge_articles,knowledge_content,benefits|insurance,official_knowledge_source,static_fetch,ready_lightweight,official_or_authoritative_directory,"program_overview, eligibility_topics, benefits_topics, official_links",Build Medicaid and CHIP overview content from a federal official source.,Discovery or staging only until extracted rows pass public-safe validation.,https://www.medicaid.gov/medicaid/index.html
knowledge-cms-chip-program,national,,CHIP Program Information from CMS,https://www.medicaid.gov/chip/index.html,knowledge_articles,knowledge_content,benefits|insurance,official_knowledge_source,static_fetch,ready_lightweight,official_or_authoritative_directory,"chip_overview, child_coverage_topics, eligibility_topics, official_links",Add a dedicated official CHIP source for children who need public insurance guidance outside full Medicaid.,Discovery or staging only until extracted rows pass public-safe validation.,https://www.medicaid.gov/chip/index.html
knowledge-medicaid-eligibility,national,,Medicaid Eligibility Information from CMS,https://www.medicaid.gov/medicaid/eligibility/index.html,knowledge_articles,knowledge_content,benefits|insurance,official_knowledge_source,static_fetch,ready_lightweight,official_or_authoritative_directory,"eligibility_overview, child_eligibility_topics, pathways, official_links",Add official Medicaid eligibility guidance to deepen benefits and coverage decision support for families.,Discovery or staging only until extracted rows pass public-safe validation.,https://www.medicaid.gov/medicaid/eligibility/index.html
knowledge-medicaid-benefits-overview,national,,Medicaid Benefits Overview,https://www.medicaid.gov/medicaid/benefits/index.html,knowledge_articles,knowledge_content,benefits|insurance,official_knowledge_source,static_fetch,ready_lightweight,official_or_authoritative_directory,"benefits_overview, mandatory_optional_benefits, child_service_topics, official_links",Add an official Medicaid benefits overview to strengthen family guidance on covered services and care pathways.,Discovery or staging only until extracted rows pass public-safe validation.,https://www.medicaid.gov/medicaid/benefits/index.html
knowledge-medicaid-hcbs,national,,Medicaid Home and Community-Based Services,https://www.medicaid.gov/medicaid/home-community-based-services/home-community-based-services-authorities/index.html,knowledge_articles,knowledge_content,benefits|caregiving,official_knowledge_source,static_fetch,ready_lightweight,official_or_authoritative_directory,"hcbs_authorities, waiver_types, service_examples, official_links",Build waiver and HCBS explainer content from official Medicaid guidance.,Discovery or staging only until extracted rows pass public-safe validation.,https://www.medicaid.gov/medicaid/home-community-based-services/home-community-based-services-authorities/index.html
knowledge-acl-respite,national,,ACL National Family Caregiver Support Program,https://acl.gov/programs/support-caregivers/national-family-caregiver-support-program,knowledge_articles,knowledge_content,caregiving|respite,official_knowledge_source,static_fetch,ready_lightweight,official_or_authoritative_directory,"program_overview, respite_topics, eligibility_topics, official_links",Build caregiving and respite guidance from an official aging and caregiver support source.,Discovery or staging only until extracted rows pass public-safe validation.,https://acl.gov/programs/support-caregivers/national-family-caregiver-support-program
knowledge-acl-lifespan-respite,national,,ACL Lifespan Respite Care Program,https://acl.gov/programs/support-caregivers/lifespan-respite-care-program,knowledge_articles,knowledge_content,caregiving|respite,official_knowledge_source,static_fetch,ready_lightweight,official_or_authoritative_directory,"program_overview, respite_models, state_partnership_topics, official_links",Add a dedicated official respite source that deepens caregiver relief options and respite-program navigation.,Discovery or staging only until extracted rows pass public-safe validation.,https://acl.gov/programs/support-caregivers/lifespan-respite-care-program
knowledge-acl-supported-decision-making,national,,ACL Supported Decision-Making Program,https://acl.gov/programs/consumer-control/supported-decision-making-program,knowledge_articles,knowledge_content,transition|legal_aid|care_independent_living,official_knowledge_source,static_fetch,ready_lightweight,official_or_authoritative_directory,"decision_making_overview, alternatives_to_guardianship, transition_topics, official_links",Add official supported-decision-making guidance for transition-age youth and families weighing guardianship alternatives.,Discovery or staging only until extracted rows pass public-safe validation.,https://acl.gov/programs/consumer-control/supported-decision-making-program
knowledge-medicaid-epsdt,national,,Medicaid EPSDT Benefit,https://www.medicaid.gov/medicaid/benefits/early-and-periodic-screening-diagnostic-and-treatment/index.html,knowledge_articles,knowledge_content,benefits|insurance|early_intervention,official_knowledge_source,static_fetch,ready_lightweight,official_or_authoritative_directory,"benefit_overview, screening_requirements, diagnostic_treatment_scope, official_links","Build official EPSDT guidance for screening, diagnosis, and medically necessary treatment under Medicaid.",Discovery or staging only until extracted rows pass public-safe validation.,https://www.medicaid.gov/medicaid/benefits/early-and-periodic-screening-diagnostic-and-treatment/index.html
knowledge-medicaid-school-based-services,national,,Medicaid and School-Based Services,https://www.medicaid.gov/resources-for-states/medicaid-state-technical-assistance/medicaid-and-school-based-services,knowledge_articles,knowledge_content,benefits|education|special_education,official_knowledge_source,static_fetch,ready_lightweight,official_or_authoritative_directory,"school_medicaid_overview, eligible_services, billing_or_access_topics, official_links","Add official school-based Medicaid guidance connecting education supports, therapies, and coverage pathways.",Discovery or staging only until extracted rows pass public-safe validation.,https://www.medicaid.gov/resources-for-states/medicaid-state-technical-assistance/medicaid-and-school-based-services
knowledge-medicaid-chip-seamless-transitions,national,,Medicaid and CHIP Seamless Transitions,https://www.medicaid.gov/resources-for-states/eligibility-enrollment-and-renewal-tools-and-resources/medicaid-and-chip-seamless-transitions,knowledge_articles,knowledge_content,benefits|insurance|transition,official_knowledge_source,static_fetch,ready_lightweight,official_or_authoritative_directory,"transition_overview, renewal_or_transfer_steps, coverage_continuity_topics, official_links","Add official coverage-transition guidance for families moving between Medicaid, CHIP, and related eligibility pathways.",Discovery or staging only until extracted rows pass public-safe validation.,https://www.medicaid.gov/resources-for-states/eligibility-enrollment-and-renewal-tools-and-resources/medicaid-and-chip-seamless-transitions
knowledge-medicaid-hcbs-provisions,national,,Medicaid HCBS Provisions,https://www.medicaid.gov/medicaid/access-care/home-and-community-based-services-provisions,knowledge_articles,knowledge_content,benefits|caregiving|care_independent_living,official_knowledge_source,static_fetch,ready_lightweight,official_or_authoritative_directory,"hcbs_overview, community_support_topics, service_authority_topics, official_links",Deepen waiver and community-living guidance with an official HCBS policy and access explainer.,Discovery or staging only until extracted rows pass public-safe validation.,https://www.medicaid.gov/medicaid/access-care/home-and-community-based-services-provisions
knowledge-medicaid-application-fair-hearings,national,,Medicaid Application and Fair Hearings Resources,https://www.medicaid.gov/resources-for-states/eligibility-enrollment-and-renewal-tools-and-resources/application-and-fair-hearings-resources,knowledge_articles,knowledge_content,benefits|appeals|insurance,official_knowledge_source,static_fetch,ready_lightweight,official_or_authoritative_directory,"fair_hearing_overview, application_dispute_steps, notice_or_deadline_topics, official_links",Add official Medicaid fair-hearing and application-dispute guidance to strengthen denial and appeal journey coverage.,Discovery or staging only until extracted rows pass public-safe validation.,https://www.medicaid.gov/resources-for-states/eligibility-enrollment-and-renewal-tools-and-resources/application-and-fair-hearings-resources
knowledge-parent-center-iep-overview,national,,Parent Center Hub IEP Overview,https://www.parentcenterhub.org/iep-overview,knowledge_articles,knowledge_content,special_education|iep_advocacy,mission_aligned_knowledge_source,static_fetch,ready_lightweight,official_or_authoritative_directory,"iep_overview, meeting_process, parent_rights, next_steps",Build practical IEP explainer content from a high-trust parent-support source.,Discovery or staging only until extracted rows pass public-safe validation.,https://www.parentcenterhub.org/iep-overview/
knowledge-parent-center-transition-adult,national,,Parent Center Hub Transition to Adulthood,https://www.parentcenterhub.org/transitionadult,knowledge_articles,knowledge_content,transition|jobs_vocational|special_education,mission_aligned_knowledge_source,static_fetch,ready_lightweight,official_or_authoritative_directory,"transition_timeline, school_to_adult_services, planning_steps, official_links","Build transition-to-adulthood guidance that bridges school rights, adult services, and vocational planning.",Discovery or staging only until extracted rows pass public-safe validation.,https://www.parentcenterhub.org/transitionadult/
knowledge-parent-center-section-504,national,,Parent Center Hub Section 504,https://www.parentcenterhub.org/section504,knowledge_articles,knowledge_content,special_education|appeals,mission_aligned_knowledge_source,static_fetch,ready_lightweight,official_or_authoritative_directory,"section_504_overview, eligibility, accommodation_examples, dispute_options","Build 504-plan guidance for accommodations, eligibility, and school-rights navigation.",Discovery or staging only until extracted rows pass public-safe validation.,https://www.parentcenterhub.org/section504/
knowledge-nichd-autism,national,,NICHD Autism Spectrum Disorder,https://www.nichd.nih.gov/health/topics/autism,knowledge_articles,knowledge_content,behavioral_health|early_intervention,official_knowledge_source,static_fetch,ready_lightweight,official_or_authoritative_directory,"condition_overview, symptoms, diagnosis_topics, treatment_topics, official_links",Add a second official autism journey source with diagnosis and treatment framing from NIH.,Discovery or staging only until extracted rows pass public-safe validation.,https://www.nichd.nih.gov/health/topics/autism
knowledge-cdc-down-syndrome,national,,CDC Down Syndrome,https://www.cdc.gov/down-syndrome/about/index.html,knowledge_articles,knowledge_content,early_intervention|caregiving,official_knowledge_source,static_fetch,ready_lightweight,official_or_authoritative_directory,"condition_overview, developmental_supports, health_topics, official_links","Add an official CDC Down syndrome overview to deepen diagnosis, health, and support guidance.",Discovery or staging only until extracted rows pass public-safe validation.,https://www.cdc.gov/down-syndrome/about/index.html
knowledge-cdc-cerebral-palsy,national,,CDC Cerebral Palsy,https://www.cdc.gov/cerebral-palsy/about/index.html,knowledge_articles,knowledge_content,therapy|caregiving,official_knowledge_source,static_fetch,ready_lightweight,official_or_authoritative_directory,"condition_overview, movement_topics, treatment_supports, official_links","Add an official CDC cerebral palsy overview to deepen therapy, treatment, and long-term support content.",Discovery or staging only until extracted rows pass public-safe validation.,https://www.cdc.gov/cerebral-palsy/about/index.html
knowledge-nichd-down-syndrome,national,,NICHD Down Syndrome,https://www.nichd.nih.gov/health/topics/down,knowledge_articles,knowledge_content,early_intervention|caregiving,official_knowledge_source,static_fetch,ready_lightweight,official_or_authoritative_directory,"condition_overview, common_health_needs, treatment_topics, official_links","Build official Down syndrome journey content tied to health needs, supports, and treatment topics.",Discovery or staging only until extracted rows pass public-safe validation.,https://www.nichd.nih.gov/health/topics/down
knowledge-nichd-cerebral-palsy,national,,NICHD Cerebral Palsy,https://www.nichd.nih.gov/health/topics/cerebral-palsy,knowledge_articles,knowledge_content,therapy|caregiving,official_knowledge_source,static_fetch,ready_lightweight,official_or_authoritative_directory,"condition_overview, symptoms, treatment_topics, therapy_topics, official_links","Build official cerebral palsy journey content for therapy, treatment, and long-term support planning.",Discovery or staging only until extracted rows pass public-safe validation.,https://www.nichd.nih.gov/health/topics/cerebral-palsy
knowledge-idea-procedural-safeguards-notice,national,,IDEA Procedural Safeguards Notice,https://sites.ed.gov/idea/regs/b/e/300.504,knowledge_articles,knowledge_content,special_education|appeals|iep_advocacy,official_knowledge_source,static_fetch,ready_lightweight,official_or_authoritative_directory,"procedural_safeguards, parent_notice_requirements, dispute_options, official_links",Add exact official procedural-safeguards content covering notice requirements and family dispute rights under IDEA.,Discovery or staging only until extracted rows pass public-safe validation.,https://sites.ed.gov/idea/regs/b/e/300.504
knowledge-idea-initial-evaluations,national,,IDEA Initial Evaluations and Reevaluations,https://sites.ed.gov/idea/regs/b/d/300.301,knowledge_articles,knowledge_content,special_education|early_intervention|iep_advocacy,official_knowledge_source,static_fetch,ready_lightweight,official_or_authoritative_directory,"evaluation_timeline, consent_requirements, reevaluation_rules, official_links",Add official evaluation and reevaluation process content for diagnosis-to-school-support and eligibility journeys.,Discovery or staging only until extracted rows pass public-safe validation.,https://sites.ed.gov/idea/regs/b/d/300.301
knowledge-idea-transition-services-definition,national,,IDEA Transition Services Definition,https://sites.ed.gov/idea/regs/b/d/300.43,knowledge_articles,knowledge_content,transition|jobs_vocational|special_education,official_knowledge_source,static_fetch,ready_lightweight,official_or_authoritative_directory,"transition_definition, planning_requirements, adult_outcomes, official_links","Add exact official transition-services content for school-to-adult planning, employment, and postsecondary pathways.",Discovery or staging only until extracted rows pass public-safe validation.,https://sites.ed.gov/idea/regs/b/d/300.43
knowledge-idea-iep-content,national,,IDEA IEP Content Requirements,https://sites.ed.gov/idea/regs/b/d/300.320,knowledge_articles,knowledge_content,special_education|iep_advocacy,official_knowledge_source,static_fetch,ready_lightweight,official_or_authoritative_directory,"iep_required_elements, measurable_goals, services_requirements, official_links",Add exact official IEP-content requirements to strengthen practical IEP and school-rights knowledge coverage.,Discovery or staging only until extracted rows pass public-safe validation.,https://sites.ed.gov/idea/regs/b/d/300.320
knowledge-idea-prior-written-notice,national,,IDEA Prior Written Notice,https://sites.ed.gov/idea/regs/b/d/300.503,knowledge_articles,knowledge_content,special_education|appeals|iep_advocacy,official_knowledge_source,static_fetch,ready_lightweight,official_or_authoritative_directory,"prior_written_notice_requirements, notice_contents, parent_rights, official_links","Add exact official prior-written-notice content to deepen notice, dispute, and school-rights guidance for families.",Discovery or staging only until extracted rows pass public-safe validation.,https://sites.ed.gov/idea/regs/b/d/300.503
knowledge-idea-independent-educational-evaluation,national,,IDEA Independent Educational Evaluation,https://sites.ed.gov/idea/regs/b/e/300.502,knowledge_articles,knowledge_content,special_education|appeals|iep_advocacy,official_knowledge_source,static_fetch,ready_lightweight,official_or_authoritative_directory,"iee_rights, public_expense_rules, evaluation_dispute_steps, official_links",Add exact official IEE rights content to strengthen evaluation-dispute and parent-advocacy knowledge coverage.,Discovery or staging only until extracted rows pass public-safe validation.,https://sites.ed.gov/idea/regs/b/e/300.502
knowledge-idea-due-process-complaint,national,,IDEA Due Process Complaint,https://sites.ed.gov/idea/regs/b/e/300.508,knowledge_articles,knowledge_content,special_education|appeals,official_knowledge_source,static_fetch,ready_lightweight,official_or_authoritative_directory,"due_process_complaint_requirements, filing_contents, dispute_scope, official_links",Add exact official due-process-complaint content to deepen formal dispute and hearing-path guidance for families.,Discovery or staging only until extracted rows pass public-safe validation.,https://sites.ed.gov/idea/regs/b/e/300.508
knowledge-idea-resolution-process,national,,IDEA Resolution Process,https://sites.ed.gov/idea/regs/b/e/300.510,knowledge_articles,knowledge_content,special_education|appeals,official_knowledge_source,static_fetch,ready_lightweight,official_or_authoritative_directory,"resolution_session_requirements, timeline, settlement_topics, official_links","Add exact official resolution-process content to deepen mediation, settlement, and due-process workflow guidance.",Discovery or staging only until extracted rows pass public-safe validation.,https://sites.ed.gov/idea/regs/b/e/300.510
knowledge-idea-mediation,national,,IDEA Mediation,https://sites.ed.gov/idea/regs/b/e/300.506,knowledge_articles,knowledge_content,special_education|appeals|iep_advocacy,official_knowledge_source,static_fetch,ready_lightweight,official_or_authoritative_directory,"mediation_availability, voluntary_process, impartial_mediator_rules, official_links",Add exact official mediation content to deepen school-dispute resolution options before due process.,Discovery or staging only until extracted rows pass public-safe validation.,https://sites.ed.gov/idea/regs/b/e/300.506
knowledge-idea-due-process-hearing,national,,IDEA Due Process Hearing,https://sites.ed.gov/idea/regs/b/e/300.511,knowledge_articles,knowledge_content,special_education|appeals,official_knowledge_source,static_fetch,ready_lightweight,official_or_authoritative_directory,"hearing_rights, hearing_officer_rules, party_participation, official_links","Add exact official due-process-hearing content to deepen hearings, participation rights, and dispute navigation.",Discovery or staging only until extracted rows pass public-safe validation.,https://sites.ed.gov/idea/regs/b/e/300.511
knowledge-idea-hearing-decision-timelines,national,,IDEA Hearing Decisions and Timelines,https://sites.ed.gov/idea/regs/b/e/300.515,knowledge_articles,knowledge_content,special_education|appeals,official_knowledge_source,static_fetch,ready_lightweight,official_or_authoritative_directory,"decision_timeline, extensions, expedited_timing_topics, official_links",Add exact official hearing-decision timing content to strengthen deadline and expectations guidance for families.,Discovery or staging only until extracted rows pass public-safe validation.,https://sites.ed.gov/idea/regs/b/e/300.515
knowledge-idea-civil-action,national,,IDEA Civil Action,https://sites.ed.gov/idea/regs/b/e/300.516,knowledge_articles,knowledge_content,special_education|appeals|legal_aid,official_knowledge_source,static_fetch,ready_lightweight,official_or_authoritative_directory,"civil_action_rights, filing_window, court_review_topics, official_links",Add exact official civil-action content to deepen post-hearing appeal and legal-path guidance for families.,Discovery or staging only until extracted rows pass public-safe validation.,https://sites.ed.gov/idea/regs/b/e/300.516
knowledge-idea-child-find,national,,IDEA Child Find,https://sites.ed.gov/idea/regs/b/d/300.111,knowledge_articles,knowledge_content,special_education|early_intervention,official_knowledge_source,static_fetch,ready_lightweight,official_or_authoritative_directory,"child_find_duties, identification_scope, referral_expectations, official_links",Add exact official Child Find content to deepen school-identification and referral guidance for families.,Discovery or staging only until extracted rows pass public-safe validation.,https://sites.ed.gov/idea/regs/b/d/300.111
knowledge-idea-evaluation-procedures,national,,IDEA Evaluation Procedures,https://sites.ed.gov/idea/regs/b/d/300.304,knowledge_articles,knowledge_content,special_education|early_intervention|iep_advocacy,official_knowledge_source,static_fetch,ready_lightweight,official_or_authoritative_directory,"evaluation_requirements, assessment_inputs, parent_participation, official_links","Add exact official evaluation-procedures content to deepen assessment, eligibility, and school-support journeys.",Discovery or staging only until extracted rows pass public-safe validation.,https://sites.ed.gov/idea/regs/b/d/300.304
knowledge-idea-iep-team,national,,IDEA IEP Team,https://sites.ed.gov/idea/regs/b/d/300.321,knowledge_articles,knowledge_content,special_education|iep_advocacy,official_knowledge_source,static_fetch,ready_lightweight,official_or_authoritative_directory,"iep_team_members, participation_rules, parent_role, official_links",Add exact official IEP-team content to deepen meeting preparation and parent-participation guidance.,Discovery or staging only until extracted rows pass public-safe validation.,https://sites.ed.gov/idea/regs/b/d/300.321
knowledge-idea-iep-review-revision,national,,IDEA Development Review and Revision of IEP,https://sites.ed.gov/idea/regs/b/d/300.324,knowledge_articles,knowledge_content,special_education|iep_advocacy,official_knowledge_source,static_fetch,ready_lightweight,official_or_authoritative_directory,"iep_review_requirements, revision_triggers, progress_considerations, official_links",Add exact official IEP review-and-revision content to deepen ongoing plan management and update guidance.,Discovery or staging only until extracted rows pass public-safe validation.,https://sites.ed.gov/idea/regs/b/d/300.324
knowledge-ssa-child-disability-starter-kit,national,,SSA Child Disability Starter Kit,https://www.ssa.gov/disability/disability_starter_kits_child_eng.htm,knowledge_articles,knowledge_content,benefits,official_knowledge_source,static_fetch,ready_lightweight,official_or_authoritative_directory,"application_prep, evidence_checklist, interview_preparation, official_links",Add exact official SSA application-prep content to deepen child-disability application and document-readiness guidance.,Discovery or staging only until extracted rows pass public-safe validation.,https://www.ssa.gov/disability/disability_starter_kits_child_eng.htm
providers-pull-now-louisiana-fmol-health-children-s-hospitals,louisiana,LA,FMOL Health Children's Hospitals,https://www.fmolhs.org/services/childrens-health/our-childrens-hospitals,resource_providers,providers_care,providers_care,state_provider_source_pack_pull_now,static_fetch,ready_lightweight,first_party,"name, phone, address",Pull-now provider anchor for Louisiana from the provider source-pack plan.,Promote only if extracted provider rows pass public-safe validation with named clinic/program identity plus contact and location evidence.,https://www.fmolhs.org/services/childrens-health/our-childrens-hospitals
providers-pull-now-louisiana-fmol-health-children-s-health-services,louisiana,LA,FMOL Health Children's Health Services,https://www.fmolhs.org/services/childrens-health,resource_providers,providers_care,providers_care,state_provider_source_pack_pull_now,static_fetch,ready_lightweight,first_party,"name, phone, address",Pull-now provider anchor for Louisiana from the provider source-pack plan.,Promote only if extracted provider rows pass public-safe validation with named clinic/program identity plus contact and location evidence.,https://www.fmolhs.org/services/childrens-health
providers-pull-now-louisiana-ochsner-hospital-for-children,louisiana,LA,Ochsner Hospital for Children,https://www.ochsner.org/,resource_providers,providers_care,providers_care,state_provider_source_pack_pull_now,static_fetch,ready_lightweight,first_party,"name, phone, address",Pull-now provider anchor for Louisiana from the provider source-pack plan.,Promote only if extracted provider rows pass public-safe validation with named clinic/program identity plus contact and location evidence.,https://www.ochsner.org/
providers-pull-now-indiana-riley-children-s-health,indiana,IN,Riley Children's Health,https://www.rileychildrens.org/,resource_providers,providers_care,providers_care,state_provider_source_pack_pull_now,static_fetch,ready_lightweight,first_party,"name, phone, address",Pull-now provider anchor for Indiana from the provider source-pack plan.,Promote only if extracted provider rows pass public-safe validation with named clinic/program identity plus contact and location evidence.,https://www.rileychildrens.org
providers-pull-now-indiana-peyton-manning-children-s-hospital,indiana,IN,Peyton Manning Children's Hospital,https://healthcare.ascension.org/locations/indiana/inasc/pmch,resource_providers,providers_care,providers_care,state_provider_source_pack_pull_now,static_fetch,ready_lightweight,first_party,"name, phone, address",Pull-now provider anchor for Indiana from the provider source-pack plan.,Promote only if extracted provider rows pass public-safe validation with named clinic/program identity plus contact and location evidence.,https://healthcare.ascension.org/locations/indiana/inasc/pmch
providers-pull-now-indiana-indiana-university-health-pediatric-care,indiana,IN,Indiana University Health Pediatric Care,https://iuhealth.org/,resource_providers,providers_care,providers_care,state_provider_source_pack_pull_now,static_fetch,ready_lightweight,first_party,"name, phone, address",Pull-now provider anchor for Indiana from the provider source-pack plan.,Promote only if extracted provider rows pass public-safe validation with named clinic/program identity plus contact and location evidence.,https://iuhealth.org
providers-pull-now-indiana-peyton-manning-children-s-hospital-pediatric-neurology,indiana,IN,Peyton Manning Children's Hospital Pediatric Neurology,https://healthcare.ascension.org/locations/indiana/inasc/pmch/departments-and-services/departments/pediatric-neurology,resource_providers,providers_care,providers_care,state_provider_source_pack_pull_now,static_fetch,ready_lightweight,first_party,"name, phone, address",Pull-now provider anchor for Indiana from the provider source-pack plan.,Promote only if extracted provider rows pass public-safe validation with named clinic/program identity plus contact and location evidence.,https://healthcare.ascension.org/locations/indiana/inasc/pmch/departments-and-services/departments/pediatric-neurology
providers-pull-now-new-york-nyu-langone-hassenfeld-children-s-hospital-center-for-child-development,new-york,NY,NYU Langone Hassenfeld Children's Hospital Center for Child Development,https://nyulangone.org/locations/hassenfeld-childrens-hospital,resource_providers,providers_care,providers_care,state_provider_source_pack_pull_now,static_fetch,ready_lightweight,first_party,"name, address, phone",Pull-now provider anchor for New York from the provider source-pack plan.,Promote only if extracted provider rows pass public-safe validation with named clinic/program identity plus contact and location evidence.,https://nyulangone.org/locations/hassenfeld-childrens-hospital
providers-pull-now-new-york-montefiore-rose-f-kennedy-center,new-york,NY,Montefiore Rose F. Kennedy Center,https://www.montefiore.org/rose-f-kennedy-center,resource_providers,providers_care,providers_care,state_provider_source_pack_pull_now,static_fetch,ready_lightweight,first_party,"name, address, phone",Pull-now provider anchor for New York from the provider source-pack plan.,Promote only if extracted provider rows pass public-safe validation with named clinic/program identity plus contact and location evidence.,https://www.montefiore.org/rose-f-kennedy-center
providers-pull-now-new-york-cohen-children-s-medical-center,new-york,NY,Cohen Children's Medical Center,https://childrenshospital.northwell.edu/,resource_providers,providers_care,providers_care,state_provider_source_pack_pull_now,static_fetch,ready_lightweight,first_party,"name, address, phone",Pull-now provider anchor for New York from the provider source-pack plan.,Promote only if extracted provider rows pass public-safe validation with named clinic/program identity plus contact and location evidence.,https://childrenshospital.northwell.edu
providers-pull-now-new-york-golisano-children-s-hospital,new-york,NY,Golisano Children's Hospital,https://www.urmc.rochester.edu/childrens-hospital,resource_providers,providers_care,providers_care,state_provider_source_pack_pull_now,static_fetch,ready_lightweight,first_party,"name, address, phone",Pull-now provider anchor for New York from the provider source-pack plan.,Promote only if extracted provider rows pass public-safe validation with named clinic/program identity plus contact and location evidence.,https://www.urmc.rochester.edu/childrens-hospital
providers-pull-now-new-york-upstate-golisano-children-s-hospital,new-york,NY,Upstate Golisano Children's Hospital,https://www.upstate.edu/gch,resource_providers,providers_care,providers_care,state_provider_source_pack_pull_now,static_fetch,ready_lightweight,first_party,"name, address, phone",Pull-now provider anchor for New York from the provider source-pack plan.,Promote only if extracted provider rows pass public-safe validation with named clinic/program identity plus contact and location evidence.,https://www.upstate.edu/gch
providers-pull-now-new-york-cohen-children-s-medical-center-departments-and-services,new-york,NY,Cohen Children's Medical Center Departments and Services,https://childrenshospital.northwell.edu/departments-services,resource_providers,providers_care,providers_care,state_provider_source_pack_pull_now,static_fetch,ready_lightweight,first_party,"name, phone, address",Pull-now provider anchor for New York from the provider source-pack plan.,Promote only if extracted provider rows pass public-safe validation with named clinic/program identity plus contact and location evidence.,https://childrenshospital.northwell.edu/departments-services
providers-pull-now-virginia-children-s-hospital-of-richmond-at-vcu,virginia,VA,Children's Hospital of Richmond at VCU,https://www.chrichmond.org/,resource_providers,providers_care,providers_care,state_provider_source_pack_pull_now,static_fetch,ready_lightweight,first_party,"name, phone, address",Pull-now provider anchor for Virginia from the provider source-pack plan.,Promote only if extracted provider rows pass public-safe validation with named clinic/program identity plus contact and location evidence.,https://www.chrichmond.org
providers-pull-now-virginia-uva-health-children-s,virginia,VA,UVA Health Children's,https://childrens.uvahealth.com/,resource_providers,providers_care,providers_care,state_provider_source_pack_pull_now,static_fetch,ready_lightweight,first_party,"name, phone, address",Pull-now provider anchor for Virginia from the provider source-pack plan.,Promote only if extracted provider rows pass public-safe validation with named clinic/program identity plus contact and location evidence.,https://childrens.uvahealth.com
providers-pull-now-virginia-children-s-hospital-of-the-king-s-daughters,virginia,VA,Children's Hospital of The King's Daughters,https://www.chkd.org/,resource_providers,providers_care,providers_care,state_provider_source_pack_pull_now,static_fetch,ready_lightweight,first_party,"name, phone, address",Pull-now provider anchor for Virginia from the provider source-pack plan.,Promote only if extracted provider rows pass public-safe validation with named clinic/program identity plus contact and location evidence.,https://www.chkd.org
providers-pull-now-virginia-children-s-hospital-of-the-king-s-daughters-programs-clinics-and-centers,virginia,VA,"Children's Hospital of The King's Daughters Programs, Clinics, and Centers",https://www.chkd.org/our-care/programs-clinics-and-centers,resource_providers,providers_care,providers_care,state_provider_source_pack_pull_now,static_fetch,ready_lightweight,first_party,"name, phone, address",Pull-now provider anchor for Virginia from the provider source-pack plan.,Promote only if extracted provider rows pass public-safe validation with named clinic/program identity plus contact and location evidence.,https://www.chkd.org/our-care/programs-clinics-and-centers
providers-pull-now-michigan-c-s-mott-children-s-hospital,michigan,MI,C.S. Mott Children's Hospital,https://www.mottchildren.org/,resource_providers,providers_care,providers_care,state_provider_source_pack_pull_now,static_fetch,ready_lightweight,first_party,"name, phone, address",Pull-now provider anchor for Michigan from the provider source-pack plan.,Promote only if extracted provider rows pass public-safe validation with named clinic/program identity plus contact and location evidence.,https://www.mottchildren.org
providers-pull-now-michigan-children-s-hospital-of-michigan,michigan,MI,Children's Hospital of Michigan,https://www.childrensdmc.org/,resource_providers,providers_care,providers_care,state_provider_source_pack_pull_now,static_fetch,ready_lightweight,first_party,"name, phone, address",Pull-now provider anchor for Michigan from the provider source-pack plan.,Promote only if extracted provider rows pass public-safe validation with named clinic/program identity plus contact and location evidence.,https://www.childrensdmc.org
providers-pull-now-michigan-helen-devos-children-s-hospital,michigan,MI,Helen DeVos Children's Hospital,https://www.spectrumhealth.org/locations/spectrum-health-hospitals-helen-devos-childrens-hospital,resource_providers,providers_care,providers_care,state_provider_source_pack_pull_now,static_fetch,ready_lightweight,first_party,"name, phone, address",Pull-now provider anchor for Michigan from the provider source-pack plan.,Promote only if extracted provider rows pass public-safe validation with named clinic/program identity plus contact and location evidence.,https://www.spectrumhealth.org/locations/spectrum-health-hospitals-helen-devos-childrens-hospital
providers-pull-now-michigan-university-of-michigan-health-autism-spectrum-disorders-clinic,michigan,MI,University of Michigan Health Autism Spectrum Disorders Clinic,https://www.uofmhealth.org/our-care/specialties-services/autism-spectrum-disorders-appointments,resource_providers,providers_care,providers_care,state_provider_source_pack_pull_now,static_fetch,ready_lightweight,first_party,"name, phone, address",Pull-now provider anchor for Michigan from the provider source-pack plan.,Promote only if extracted provider rows pass public-safe validation with named clinic/program identity plus contact and location evidence.,https://www.uofmhealth.org/our-care/specialties-services/autism-spectrum-disorders-appointments
providers-pull-now-kentucky-norton-children-s-hospital,kentucky,KY,Norton Children's Hospital,https://nortonchildrens.com/,resource_providers,providers_care,providers_care,state_provider_source_pack_pull_now,static_fetch,ready_lightweight,first_party,"name, phone, address",Pull-now provider anchor for Kentucky from the provider source-pack plan.,Promote only if extracted provider rows pass public-safe validation with named clinic/program identity plus contact and location evidence.,https://nortonchildrens.com
providers-pull-now-kentucky-kentucky-children-s-hospital,kentucky,KY,Kentucky Children's Hospital,https://ukhealthcare.com/,resource_providers,providers_care,providers_care,state_provider_source_pack_pull_now,static_fetch,ready_lightweight,first_party,"name, phone, address",Pull-now provider anchor for Kentucky from the provider source-pack plan.,Promote only if extracted provider rows pass public-safe validation with named clinic/program identity plus contact and location evidence.,https://ukhealthcare.com
providers-pull-now-kentucky-university-of-louisville-pediatrics,kentucky,KY,University of Louisville Pediatrics,https://medicine.louisville.edu/academics-programs/academic-departments/pediatrics,resource_providers,providers_care,providers_care,state_provider_source_pack_pull_now,static_fetch,ready_lightweight,first_party,"name, phone, address",Pull-now provider anchor for Kentucky from the provider source-pack plan.,Promote only if extracted provider rows pass public-safe validation with named clinic/program identity plus contact and location evidence.,https://medicine.louisville.edu/academics-programs/academic-departments/pediatrics
providers-pull-now-kentucky-golisano-children-s-at-uk,kentucky,KY,Golisano Children's at UK,https://ukhealthcare.com/kentucky-childrens-hospital/golisano-childrens-uk,resource_providers,providers_care,providers_care,state_provider_source_pack_pull_now,static_fetch,ready_lightweight,first_party,"name, phone, address",Pull-now provider anchor for Kentucky from the provider source-pack plan.,Promote only if extracted provider rows pass public-safe validation with named clinic/program identity plus contact and location evidence.,https://ukhealthcare.com/kentucky-childrens-hospital/golisano-childrens-uk
providers-pull-now-tennessee-dolly-parton-children-s-hospital,tennessee,TN,Dolly Parton Children's Hospital,https://www.dollychildrens.org/,resource_providers,providers_care,providers_care,state_provider_source_pack_pull_now,static_fetch,ready_lightweight,first_party,"name, phone, address",Pull-now provider anchor for Tennessee from the provider source-pack plan.,Promote only if extracted provider rows pass public-safe validation with named clinic/program identity plus contact and location evidence.,https://www.dollychildrens.org/
providers-pull-now-tennessee-dolly-parton-children-s-hospital-specialty-clinics,tennessee,TN,Dolly Parton Children's Hospital Specialty Clinics,https://www.dollychildrens.org/medical-services/specialty-clinics,resource_providers,providers_care,providers_care,state_provider_source_pack_pull_now,static_fetch,ready_lightweight,first_party,"name, phone, address",Pull-now provider anchor for Tennessee from the provider source-pack plan.,Promote only if extracted provider rows pass public-safe validation with named clinic/program identity plus contact and location evidence.,https://www.dollychildrens.org/medical-services/specialty-clinics
providers-pull-now-tennessee-dolly-parton-children-s-hospital-main-campus,tennessee,TN,Dolly Parton Children's Hospital Main Campus,https://www.dollychildrens.org/about-us/our-locations/dolly-parton-childrens-hospital-main-campus,resource_providers,providers_care,providers_care,state_provider_source_pack_pull_now,static_fetch,ready_lightweight,first_party,"name, phone, address",Pull-now provider anchor for Tennessee from the provider source-pack plan.,Promote only if extracted provider rows pass public-safe validation with named clinic/program identity plus contact and location evidence.,https://www.dollychildrens.org/about-us/our-locations/dolly-parton-childrens-hospital-main-campus
providers-pull-now-tennessee-monroe-carell-jr-children-s-hospital-at-vanderbilt,tennessee,TN,Monroe Carell Jr. Children's Hospital at Vanderbilt,https://www.childrenshospitalvanderbilt.org/,resource_providers,providers_care,providers_care,state_provider_source_pack_pull_now,static_fetch,ready_lightweight,first_party,"name, phone, address",Pull-now provider anchor for Tennessee from the provider source-pack plan.,Promote only if extracted provider rows pass public-safe validation with named clinic/program identity plus contact and location evidence.,https://www.childrenshospitalvanderbilt.org/
providers-pull-now-north-carolina-duke-children-s-hospital-health-center,north-carolina,NC,Duke Children's Hospital & Health Center,https://www.dukehealth.org/hospitals/duke-childrens-hospital,resource_providers,providers_care,providers_care,state_provider_source_pack_pull_now,static_fetch,ready_lightweight,first_party,"name, phone, address",Pull-now provider anchor for North Carolina from the provider source-pack plan.,Promote only if extracted provider rows pass public-safe validation with named clinic/program identity plus contact and location evidence.,https://www.dukehealth.org/hospitals/duke-childrens-hospital
providers-pull-now-north-carolina-levine-children-s-hospital,north-carolina,NC,Levine Children's Hospital,https://atriumhealth.org/medical-services/childrens-services/levine-childrens-hospital,resource_providers,providers_care,providers_care,state_provider_source_pack_pull_now,static_fetch,ready_lightweight,first_party,"name, phone, address",Pull-now provider anchor for North Carolina from the provider source-pack plan.,Promote only if extracted provider rows pass public-safe validation with named clinic/program identity plus contact and location evidence.,https://atriumhealth.org/medical-services/childrens-services/levine-childrens-hospital
providers-pull-now-north-carolina-wakemed-children-s-services,north-carolina,NC,WakeMed Children's Services,https://www.wakemed.org/care-and-services/childrens-services,resource_providers,providers_care,providers_care,state_provider_source_pack_pull_now,static_fetch,ready_lightweight,first_party,"name, phone, address",Pull-now provider anchor for North Carolina from the provider source-pack plan.,Promote only if extracted provider rows pass public-safe validation with named clinic/program identity plus contact and location evidence.,https://www.wakemed.org/care-and-services/childrens-services
providers-pull-now-north-carolina-unc-carolina-institute-for-developmental-disabilities,north-carolina,NC,UNC Carolina Institute for Developmental Disabilities,https://cidd.unc.edu/,resource_providers,providers_care,providers_care,state_provider_source_pack_pull_now,static_fetch,ready_lightweight,first_party,"name, phone, address",Pull-now provider anchor for North Carolina from the provider source-pack plan.,Promote only if extracted provider rows pass public-safe validation with named clinic/program identity plus contact and location evidence.,https://cidd.unc.edu/
providers-pull-now-georgia-choa-marcus-autism-center,georgia,GA,CHOA Marcus Autism Center,https://www.marcus.org/,resource_providers,providers_care,providers_care,state_provider_source_pack_pull_now,static_fetch,ready_lightweight,first_party,"name, address, phone",Pull-now provider anchor for Georgia from the provider source-pack plan.,Promote only if extracted provider rows pass public-safe validation with named clinic/program identity plus contact and location evidence.,https://www.marcus.org
providers-pull-now-georgia-marcus-autism-center-contact-us,georgia,GA,Marcus Autism Center Contact Us,https://www.marcus.org/contact-us,resource_providers,providers_care,providers_care,state_provider_source_pack_pull_now,static_fetch,ready_lightweight,first_party,"name, phone, address",Pull-now provider anchor for Georgia from the provider source-pack plan.,Promote only if extracted provider rows pass public-safe validation with named clinic/program identity plus contact and location evidence.,https://www.marcus.org/contact-us
providers-pull-now-georgia-marcus-autism-center-medical-services,georgia,GA,Marcus Autism Center Medical Services,https://www.marcus.org/care-and-services/medical-services,resource_providers,providers_care,providers_care,state_provider_source_pack_pull_now,static_fetch,ready_lightweight,first_party,"name, phone, address",Pull-now provider anchor for Georgia from the provider source-pack plan.,Promote only if extracted provider rows pass public-safe validation with named clinic/program identity plus contact and location evidence.,https://www.marcus.org/care-and-services/medical-services
providers-pull-now-nebraska-children-s-nebraska,nebraska,NE,Children's Nebraska,https://www.childrensnebraska.org/,resource_providers,providers_care,providers_care,state_provider_source_pack_pull_now,static_fetch,ready_lightweight,first_party,"name, phone, address",Pull-now provider anchor for Nebraska from the provider source-pack plan.,Promote only if extracted provider rows pass public-safe validation with named clinic/program identity plus contact and location evidence.,https://www.childrensnebraska.org
providers-pull-now-nebraska-munroe-meyer-institute,nebraska,NE,Munroe-Meyer Institute,https://www.unmc.edu/mmi,resource_providers,providers_care,providers_care,state_provider_source_pack_pull_now,static_fetch,ready_lightweight,first_party,"name, phone, address",Pull-now provider anchor for Nebraska from the provider source-pack plan.,Promote only if extracted provider rows pass public-safe validation with named clinic/program identity plus contact and location evidence.,https://www.unmc.edu/mmi
providers-pull-now-nebraska-boys-town-national-research-hospital,nebraska,NE,Boys Town National Research Hospital,https://www.boystownhospital.org/,resource_providers,providers_care,providers_care,state_provider_source_pack_pull_now,static_fetch,ready_lightweight,first_party,"name, phone, address",Pull-now provider anchor for Nebraska from the provider source-pack plan.,Promote only if extracted provider rows pass public-safe validation with named clinic/program identity plus contact and location evidence.,https://www.boystownhospital.org
providers-pull-now-nebraska-munroe-meyer-institute-appointments,nebraska,NE,Munroe-Meyer Institute Appointments,https://www.unmc.edu/mmi/pt-resources/appointments.html,resource_providers,providers_care,providers_care,state_provider_source_pack_pull_now,static_fetch,ready_lightweight,first_party,"name, phone, address",Pull-now provider anchor for Nebraska from the provider source-pack plan.,Promote only if extracted provider rows pass public-safe validation with named clinic/program identity plus contact and location evidence.,https://www.unmc.edu/mmi/pt-resources/appointments.html
