stateId,blockedFormsSourceName,blockedFormsSourceUrl,sourceName,sourceUrl,domain,candidateType,priority,recordCount,verificationStatus,sourceQueue,targetTable,gapFamily,crawlMethod,lanePurpose
arizona,Arizona Medicaid & Special Education Forms,https://dhhs.arizona.gov/forms,Arizona Ei Referral Guide,https://des.az.gov/ddd,des.az.gov,application_or_eligibility_guide,2,0,reviewed,forms_fallback_official,forms,forms_guides,pdf_extract,Scrape truthful state-specific official form-adjacent pages without promoting them as exact forms libraries.
arizona,Arizona Medicaid & Special Education Forms,https://dhhs.arizona.gov/forms,Arizona Dd Intake Request Guide,https://www.azahcccs.gov/hcbs/eligibility,azahcccs.gov,application_or_eligibility_guide,2,0,reviewed,forms_fallback_official,forms,forms_guides,pdf_extract,Scrape truthful state-specific official form-adjacent pages without promoting them as exact forms libraries.
arizona,Arizona Medicaid & Special Education Forms,https://dhhs.arizona.gov/forms,Arizona Medicaid App Guide,https://www.azahcccs.gov/,azahcccs.gov,general_form_related_page,1,0,reviewed,forms_fallback_official,forms,forms_guides,pdf_extract,Scrape truthful state-specific official form-adjacent pages without promoting them as exact forms libraries.
colorado,Colorado Medicaid & Special Education Forms,https://dhhs.colorado.gov/forms,Colorado Ei Referral Guide,https://hcpf.colorado.gov/developmental-disabilities,hcpf.colorado.gov,application_or_eligibility_guide,2,0,reviewed,forms_fallback_official,forms,forms_guides,pdf_extract,Scrape truthful state-specific official form-adjacent pages without promoting them as exact forms libraries.
colorado,Colorado Medicaid & Special Education Forms,https://dhhs.colorado.gov/forms,Colorado Dd Intake Request Guide,https://hcpf.colorado.gov/hcbs/eligibility,hcpf.colorado.gov,application_or_eligibility_guide,2,0,reviewed,forms_fallback_official,forms,forms_guides,pdf_extract,Scrape truthful state-specific official form-adjacent pages without promoting them as exact forms libraries.
colorado,Colorado Medicaid & Special Education Forms,https://dhhs.colorado.gov/forms,Colorado Medicaid App Guide,https://hcpf.colorado.gov/pcs,hcpf.colorado.gov,general_form_related_page,1,0,reviewed,forms_fallback_official,forms,forms_guides,pdf_extract,Scrape truthful state-specific official form-adjacent pages without promoting them as exact forms libraries.
connecticut,Connecticut Medicaid & Special Education Forms,https://dhhs.connecticut.gov/forms,Connecticut Dd Intake Request Guide,https://portal.ct.gov/dds/hcbs/eligibility,portal.ct.gov,application_or_eligibility_guide,2,3,verified,forms_fallback_official,forms,forms_guides,pdf_extract,Scrape truthful state-specific official form-adjacent pages without promoting them as exact forms libraries.
connecticut,Connecticut Medicaid & Special Education Forms,https://dhhs.connecticut.gov/forms,Connecticut Ei Referral Guide,https://portal.ct.gov/dds,portal.ct.gov,application_or_eligibility_guide,2,0,reviewed,forms_fallback_official,forms,forms_guides,pdf_extract,Scrape truthful state-specific official form-adjacent pages without promoting them as exact forms libraries.
connecticut,Connecticut Medicaid & Special Education Forms,https://dhhs.connecticut.gov/forms,Connecticut Department of Developmental Services,https://portal.ct.gov/dds,portal.ct.gov,general_form_related_page,1,0,reviewed,forms_fallback_official,forms,forms_guides,pdf_extract,Scrape truthful state-specific official form-adjacent pages without promoting them as exact forms libraries.
connecticut,Connecticut Medicaid & Special Education Forms,https://dhhs.connecticut.gov/forms,Connecticut Medicaid App Guide,https://portal.ct.gov/dss,portal.ct.gov,general_form_related_page,1,0,reviewed,forms_fallback_official,forms,forms_guides,pdf_extract,Scrape truthful state-specific official form-adjacent pages without promoting them as exact forms libraries.
delaware,Delaware Medicaid & Special Education Forms,https://dhhs.delaware.gov/forms,Delaware Dd Intake Request Guide,https://dhss.delaware.gov/ddds/hcbs/eligibility.html,dhss.delaware.gov,application_or_eligibility_guide,2,3,verified,forms_fallback_official,forms,forms_guides,pdf_extract,Scrape truthful state-specific official form-adjacent pages without promoting them as exact forms libraries.
delaware,Delaware Medicaid & Special Education Forms,https://dhhs.delaware.gov/forms,Delaware Ei Referral Guide,https://dhss.delaware.gov/ddds,dhss.delaware.gov,application_or_eligibility_guide,2,0,reviewed,forms_fallback_official,forms,forms_guides,pdf_extract,Scrape truthful state-specific official form-adjacent pages without promoting them as exact forms libraries.
delaware,Delaware Medicaid & Special Education Forms,https://dhhs.delaware.gov/forms,Delaware Division of Developmental Disabilities Services,https://dhss.delaware.gov/ddds,dhss.delaware.gov,general_form_related_page,1,0,reviewed,forms_fallback_official,forms,forms_guides,pdf_extract,Scrape truthful state-specific official form-adjacent pages without promoting them as exact forms libraries.
delaware,Delaware Medicaid & Special Education Forms,https://dhhs.delaware.gov/forms,Delaware Medicaid App Guide,https://dhss.delaware.gov/dmma,dhss.delaware.gov,general_form_related_page,1,0,reviewed,forms_fallback_official,forms,forms_guides,pdf_extract,Scrape truthful state-specific official form-adjacent pages without promoting them as exact forms libraries.
hawaii,Hawaii Medicaid & Special Education Forms,https://dhhs.hawaii.gov/forms,Hawaii Dd Intake Request Guide,https://health.hawaii.gov/ddd/hcbs/eligibility,health.hawaii.gov,application_or_eligibility_guide,2,3,verified,forms_fallback_official,forms,forms_guides,pdf_extract,Scrape truthful state-specific official form-adjacent pages without promoting them as exact forms libraries.
hawaii,Hawaii Medicaid & Special Education Forms,https://dhhs.hawaii.gov/forms,Hawaii Ei Referral Guide,https://health.hawaii.gov/ddd,health.hawaii.gov,application_or_eligibility_guide,2,0,reviewed,forms_fallback_official,forms,forms_guides,pdf_extract,Scrape truthful state-specific official form-adjacent pages without promoting them as exact forms libraries.
hawaii,Hawaii Medicaid & Special Education Forms,https://dhhs.hawaii.gov/forms,Hawaii Developmental Disabilities Division,https://health.hawaii.gov/ddd,health.hawaii.gov,general_form_related_page,1,0,reviewed,forms_fallback_official,forms,forms_guides,pdf_extract,Scrape truthful state-specific official form-adjacent pages without promoting them as exact forms libraries.
hawaii,Hawaii Medicaid & Special Education Forms,https://dhhs.hawaii.gov/forms,Hawaii Medicaid App Guide,https://medquest.hawaii.gov/,medquest.hawaii.gov,general_form_related_page,1,0,reviewed,forms_fallback_official,forms,forms_guides,pdf_extract,Scrape truthful state-specific official form-adjacent pages without promoting them as exact forms libraries.
indiana,Indiana Medicaid & Special Education Forms,https://dhhs.indiana.gov/forms,Indiana Dd Intake Request Guide,https://www.in.gov/fssa/ddrs/hcbs/eligibility,in.gov,application_or_eligibility_guide,2,3,verified,forms_fallback_official,forms,forms_guides,pdf_extract,Scrape truthful state-specific official form-adjacent pages without promoting them as exact forms libraries.
indiana,Indiana Medicaid & Special Education Forms,https://dhhs.indiana.gov/forms,Indiana Ei Referral Guide,https://www.in.gov/fssa/ddrs,in.gov,application_or_eligibility_guide,2,2,verified,forms_fallback_official,forms,forms_guides,pdf_extract,Scrape truthful state-specific official form-adjacent pages without promoting them as exact forms libraries.
indiana,Indiana Medicaid & Special Education Forms,https://dhhs.indiana.gov/forms,Indiana Bureau of Disabilities Services,http://www.in.gov/fssa/ddars,in.gov,general_form_related_page,1,0,reviewed,forms_fallback_official,forms,forms_guides,pdf_extract,Scrape truthful state-specific official form-adjacent pages without promoting them as exact forms libraries.
indiana,Indiana Medicaid & Special Education Forms,https://dhhs.indiana.gov/forms,Indiana Medicaid App Guide,https://www.in.gov/medicaid,in.gov,general_form_related_page,1,0,reviewed,forms_fallback_official,forms,forms_guides,pdf_extract,Scrape truthful state-specific official form-adjacent pages without promoting them as exact forms libraries.
iowa,Iowa Medicaid & Special Education Forms,https://dhhs.iowa.gov/forms,Iowa Dd Intake Request Guide,https://hhs.iowa.gov/hcbs/eligibility,hhs.iowa.gov,application_or_eligibility_guide,2,3,verified,forms_fallback_official,forms,forms_guides,pdf_extract,Scrape truthful state-specific official form-adjacent pages without promoting them as exact forms libraries.
iowa,Iowa Medicaid & Special Education Forms,https://dhhs.iowa.gov/forms,Iowa Ei Referral Guide,https://hhs.iowa.gov/,hhs.iowa.gov,application_or_eligibility_guide,2,0,reviewed,forms_fallback_official,forms,forms_guides,pdf_extract,Scrape truthful state-specific official form-adjacent pages without promoting them as exact forms libraries.
iowa,Iowa Medicaid & Special Education Forms,https://dhhs.iowa.gov/forms,Iowa Medicaid App Guide,https://hhs.iowa.gov/ime,hhs.iowa.gov,general_form_related_page,1,6,verified,forms_fallback_official,forms,forms_guides,pdf_extract,Scrape truthful state-specific official form-adjacent pages without promoting them as exact forms libraries.
iowa,Iowa Medicaid & Special Education Forms,https://dhhs.iowa.gov/forms,Iowa Health and Human Services,https://hhs.iowa.gov/,hhs.iowa.gov,general_form_related_page,1,0,reviewed,forms_fallback_official,forms,forms_guides,pdf_extract,Scrape truthful state-specific official form-adjacent pages without promoting them as exact forms libraries.
kansas,Kansas Medicaid & Special Education Forms,https://dhhs.kansas.gov/forms,Kansas Ei Referral Guide,https://www.kdads.ks.gov/,kdads.ks.gov,application_or_eligibility_guide,2,0,reviewed,forms_fallback_official,forms,forms_guides,pdf_extract,Scrape truthful state-specific official form-adjacent pages without promoting them as exact forms libraries.
kansas,Kansas Medicaid & Special Education Forms,https://dhhs.kansas.gov/forms,Kansas Dd Intake Request Guide,https://www.kdads.ks.gov/hcbs/eligibility,kdads.ks.gov,application_or_eligibility_guide,2,0,reviewed,forms_fallback_official,forms,forms_guides,pdf_extract,Scrape truthful state-specific official form-adjacent pages without promoting them as exact forms libraries.
kansas,Kansas Medicaid & Special Education Forms,https://dhhs.kansas.gov/forms,Kansas Medicaid App Guide,https://www.kancare.ks.gov/,kancare.ks.gov,general_form_related_page,1,0,reviewed,forms_fallback_official,forms,forms_guides,pdf_extract,Scrape truthful state-specific official form-adjacent pages without promoting them as exact forms libraries.
kentucky,Kentucky Medicaid & Special Education Forms,https://dhhs.kentucky.gov/forms,Kentucky Ei Referral Guide,https://dbhdid.ky.gov/,dbhdid.ky.gov,application_or_eligibility_guide,2,0,reviewed,forms_fallback_official,forms,forms_guides,pdf_extract,Scrape truthful state-specific official form-adjacent pages without promoting them as exact forms libraries.
kentucky,Kentucky Medicaid & Special Education Forms,https://dhhs.kentucky.gov/forms,Kentucky Dd Intake Request Guide,https://dbhdid.ky.gov/hcbs/eligibility,dbhdid.ky.gov,application_or_eligibility_guide,2,0,reviewed,forms_fallback_official,forms,forms_guides,pdf_extract,Scrape truthful state-specific official form-adjacent pages without promoting them as exact forms libraries.
kentucky,Kentucky Medicaid & Special Education Forms,https://dhhs.kentucky.gov/forms,Kentucky Medicaid App Guide,https://chfs.ky.gov/dms,chfs.ky.gov,general_form_related_page,1,6,verified,forms_fallback_official,forms,forms_guides,pdf_extract,Scrape truthful state-specific official form-adjacent pages without promoting them as exact forms libraries.
kentucky,Kentucky Medicaid & Special Education Forms,https://dhhs.kentucky.gov/forms,Kentucky Department for Medicaid Services,https://dbhdid.ky.gov/,dbhdid.ky.gov,general_form_related_page,1,0,reviewed,forms_fallback_official,forms,forms_guides,pdf_extract,Scrape truthful state-specific official form-adjacent pages without promoting them as exact forms libraries.
louisiana,Louisiana Medicaid & Special Education Forms,https://dhhs.louisiana.gov/forms,Louisiana Dd Intake Request Guide,https://ldh.la.gov/ocdd/hcbs/eligibility,ldh.la.gov,application_or_eligibility_guide,2,3,verified,forms_fallback_official,forms,forms_guides,pdf_extract,Scrape truthful state-specific official form-adjacent pages without promoting them as exact forms libraries.
louisiana,Louisiana Medicaid & Special Education Forms,https://dhhs.louisiana.gov/forms,Louisiana Ei Referral Guide,https://ldh.la.gov/ocdd,ldh.la.gov,application_or_eligibility_guide,2,0,reviewed,forms_fallback_official,forms,forms_guides,pdf_extract,Scrape truthful state-specific official form-adjacent pages without promoting them as exact forms libraries.
louisiana,Louisiana Medicaid & Special Education Forms,https://dhhs.louisiana.gov/forms,Louisiana Medicaid App Guide,https://ldh.la.gov/medicaid,ldh.la.gov,general_form_related_page,1,0,reviewed,forms_fallback_official,forms,forms_guides,pdf_extract,Scrape truthful state-specific official form-adjacent pages without promoting them as exact forms libraries.
louisiana,Louisiana Medicaid & Special Education Forms,https://dhhs.louisiana.gov/forms,Louisiana Office for Citizens with Developmental Disabilities,https://ldh.la.gov/microsite/11,ldh.la.gov,general_form_related_page,1,0,reviewed,forms_fallback_official,forms,forms_guides,pdf_extract,Scrape truthful state-specific official form-adjacent pages without promoting them as exact forms libraries.
maine,Maine Medicaid & Special Education Forms,https://dhhs.maine.gov/forms,Maine Dd Intake Request Guide,https://www.maine.gov/dhhs/oads/hcbs/eligibility,maine.gov,application_or_eligibility_guide,2,3,verified,forms_fallback_official,forms,forms_guides,pdf_extract,Scrape truthful state-specific official form-adjacent pages without promoting them as exact forms libraries.
maine,Maine Medicaid & Special Education Forms,https://dhhs.maine.gov/forms,Maine Ei Referral Guide,https://www.maine.gov/dhhs/oads,maine.gov,application_or_eligibility_guide,2,0,reviewed,forms_fallback_official,forms,forms_guides,pdf_extract,Scrape truthful state-specific official form-adjacent pages without promoting them as exact forms libraries.
maine,Maine Medicaid & Special Education Forms,https://dhhs.maine.gov/forms,Maine Office of Aging and Disability Services,https://www.maine.gov/dhhs/oads,maine.gov,general_form_related_page,1,0,reviewed,forms_fallback_official,forms,forms_guides,pdf_extract,Scrape truthful state-specific official form-adjacent pages without promoting them as exact forms libraries.
maine,Maine Medicaid & Special Education Forms,https://dhhs.maine.gov/forms,Maine Medicaid App Guide,https://www.maine.gov/dhhs/oms,maine.gov,general_form_related_page,1,0,reviewed,forms_fallback_official,forms,forms_guides,pdf_extract,Scrape truthful state-specific official form-adjacent pages without promoting them as exact forms libraries.
maryland,Maryland Medicaid & Special Education Forms,https://dhhs.maryland.gov/forms,Maryland Dd Intake Request Guide,https://dda.health.maryland.gov/hcbs/eligibility,dda.health.maryland.gov,application_or_eligibility_guide,2,3,verified,forms_fallback_official,forms,forms_guides,pdf_extract,Scrape truthful state-specific official form-adjacent pages without promoting them as exact forms libraries.
maryland,Maryland Medicaid & Special Education Forms,https://dhhs.maryland.gov/forms,Maryland Ei Referral Guide,https://dda.health.maryland.gov/,dda.health.maryland.gov,application_or_eligibility_guide,2,0,reviewed,forms_fallback_official,forms,forms_guides,pdf_extract,Scrape truthful state-specific official form-adjacent pages without promoting them as exact forms libraries.
maryland,Maryland Medicaid & Special Education Forms,https://dhhs.maryland.gov/forms,Maryland Medicaid App Guide,https://health.maryland.gov/,health.maryland.gov,general_form_related_page,1,0,reviewed,forms_fallback_official,forms,forms_guides,pdf_extract,Scrape truthful state-specific official form-adjacent pages without promoting them as exact forms libraries.
maryland,Maryland Medicaid & Special Education Forms,https://dhhs.maryland.gov/forms,Maryland Developmental Disabilities Administration,https://health.maryland.gov/dda/Pages/Home.aspx,health.maryland.gov,general_form_related_page,1,0,reviewed,forms_fallback_official,forms,forms_guides,pdf_extract,Scrape truthful state-specific official form-adjacent pages without promoting them as exact forms libraries.
massachusetts,Massachusetts Medicaid & Special Education Forms,https://dhhs.massachusetts.gov/forms,Massachusetts Dd Intake Request Guide,https://www.mass.gov/dds/hcbs/eligibility,mass.gov,application_or_eligibility_guide,2,3,verified,forms_fallback_official,forms,forms_guides,pdf_extract,Scrape truthful state-specific official form-adjacent pages without promoting them as exact forms libraries.
massachusetts,Massachusetts Medicaid & Special Education Forms,https://dhhs.massachusetts.gov/forms,Massachusetts Ei Referral Guide,https://www.mass.gov/dds,mass.gov,application_or_eligibility_guide,2,0,reviewed,forms_fallback_official,forms,forms_guides,pdf_extract,Scrape truthful state-specific official form-adjacent pages without promoting them as exact forms libraries.
massachusetts,Massachusetts Medicaid & Special Education Forms,https://dhhs.massachusetts.gov/forms,Massachusetts Medicaid App Guide,https://www.mass.gov/masshealth,mass.gov,general_form_related_page,1,0,reviewed,forms_fallback_official,forms,forms_guides,pdf_extract,Scrape truthful state-specific official form-adjacent pages without promoting them as exact forms libraries.
massachusetts,Massachusetts Medicaid & Special Education Forms,https://dhhs.massachusetts.gov/forms,Massachusetts Department of Developmental Services,https://www.mass.gov/orgs/department-of-developmental-services,mass.gov,general_form_related_page,1,0,reviewed,forms_fallback_official,forms,forms_guides,pdf_extract,Scrape truthful state-specific official form-adjacent pages without promoting them as exact forms libraries.
michigan,Michigan Medicaid & Special Education Forms,https://dhhs.michigan.gov/forms,Michigan Ei Referral Guide,https://www.michigan.gov/mdhhs,michigan.gov,application_or_eligibility_guide,2,0,reviewed,forms_fallback_official,forms,forms_guides,pdf_extract,Scrape truthful state-specific official form-adjacent pages without promoting them as exact forms libraries.
michigan,Michigan Medicaid & Special Education Forms,https://dhhs.michigan.gov/forms,Michigan Dd Intake Request Guide,https://www.michigan.gov/mdhhs/hcbs/eligibility,michigan.gov,application_or_eligibility_guide,2,0,reviewed,forms_fallback_official,forms,forms_guides,pdf_extract,Scrape truthful state-specific official form-adjacent pages without promoting them as exact forms libraries.
michigan,Michigan Medicaid & Special Education Forms,https://dhhs.michigan.gov/forms,Michigan Medicaid App Guide,https://www.michigan.gov/medicaid,michigan.gov,general_form_related_page,1,0,reviewed,forms_fallback_official,forms,forms_guides,pdf_extract,Scrape truthful state-specific official form-adjacent pages without promoting them as exact forms libraries.
minnesota,Minnesota Medicaid & Special Education Forms,https://dhhs.minnesota.gov/forms,Minnesota Ei Referral Guide,https://mn.gov/dhs,mn.gov,application_or_eligibility_guide,2,0,reviewed,forms_fallback_official,forms,forms_guides,pdf_extract,Scrape truthful state-specific official form-adjacent pages without promoting them as exact forms libraries.
minnesota,Minnesota Medicaid & Special Education Forms,https://dhhs.minnesota.gov/forms,Minnesota Dd Intake Request Guide,https://mn.gov/dhs/waivers/eligibility,mn.gov,application_or_eligibility_guide,2,0,reviewed,forms_fallback_official,forms,forms_guides,pdf_extract,Scrape truthful state-specific official form-adjacent pages without promoting them as exact forms libraries.
minnesota,Minnesota Medicaid & Special Education Forms,https://dhhs.minnesota.gov/forms,Minnesota Medicaid App Guide,https://mn.gov/dhs/pca,mn.gov,general_form_related_page,1,0,reviewed,forms_fallback_official,forms,forms_guides,pdf_extract,Scrape truthful state-specific official form-adjacent pages without promoting them as exact forms libraries.
mississippi,Mississippi Medicaid & Special Education Forms,https://dhhs.mississippi.gov/forms,Mississippi Dd Intake Request Guide,https://www.dmh.ms.gov/hcbs/eligibility,dmh.ms.gov,application_or_eligibility_guide,2,3,verified,forms_fallback_official,forms,forms_guides,pdf_extract,Scrape truthful state-specific official form-adjacent pages without promoting them as exact forms libraries.
mississippi,Mississippi Medicaid & Special Education Forms,https://dhhs.mississippi.gov/forms,Mississippi Ei Referral Guide,https://www.dmh.ms.gov/,dmh.ms.gov,application_or_eligibility_guide,2,0,reviewed,forms_fallback_official,forms,forms_guides,pdf_extract,Scrape truthful state-specific official form-adjacent pages without promoting them as exact forms libraries.
mississippi,Mississippi Medicaid & Special Education Forms,https://dhhs.mississippi.gov/forms,Mississippi Medicaid App Guide,https://medicaid.ms.gov/,medicaid.ms.gov,general_form_related_page,1,0,reviewed,forms_fallback_official,forms,forms_guides,pdf_extract,Scrape truthful state-specific official form-adjacent pages without promoting them as exact forms libraries.
mississippi,Mississippi Medicaid & Special Education Forms,https://dhhs.mississippi.gov/forms,Mississippi Department of Mental Health,https://www.dmh.ms.gov/,dmh.ms.gov,general_form_related_page,1,0,reviewed,forms_fallback_official,forms,forms_guides,pdf_extract,Scrape truthful state-specific official form-adjacent pages without promoting them as exact forms libraries.
missouri,Missouri Medicaid & Special Education Forms,https://dhhs.missouri.gov/forms,Missouri Dd Intake Request Guide,https://dmh.mo.gov/dev-disabilities/hcbs/eligibility,dmh.mo.gov,application_or_eligibility_guide,2,3,verified,forms_fallback_official,forms,forms_guides,pdf_extract,Scrape truthful state-specific official form-adjacent pages without promoting them as exact forms libraries.
missouri,Missouri Medicaid & Special Education Forms,https://dhhs.missouri.gov/forms,Missouri Ei Referral Guide,https://dmh.mo.gov/dev-disabilities,dmh.mo.gov,application_or_eligibility_guide,2,0,reviewed,forms_fallback_official,forms,forms_guides,pdf_extract,Scrape truthful state-specific official form-adjacent pages without promoting them as exact forms libraries.
missouri,Missouri Medicaid & Special Education Forms,https://dhhs.missouri.gov/forms,Missouri Department of Mental Health Developmental Disabilities,https://dmh.mo.gov/dev-disabilities,dmh.mo.gov,general_form_related_page,1,0,reviewed,forms_fallback_official,forms,forms_guides,pdf_extract,Scrape truthful state-specific official form-adjacent pages without promoting them as exact forms libraries.
missouri,Missouri Medicaid & Special Education Forms,https://dhhs.missouri.gov/forms,Missouri Medicaid App Guide,https://mydss.mo.gov/,mydss.mo.gov,general_form_related_page,1,0,reviewed,forms_fallback_official,forms,forms_guides,pdf_extract,Scrape truthful state-specific official form-adjacent pages without promoting them as exact forms libraries.
montana,Montana Medicaid & Special Education Forms,https://dhhs.montana.gov/forms,Montana Dd Intake Request Guide,https://dphhs.mt.gov/dsd/ddp/hcbs/eligibility,dphhs.mt.gov,application_or_eligibility_guide,2,3,verified,forms_fallback_official,forms,forms_guides,pdf_extract,Scrape truthful state-specific official form-adjacent pages without promoting them as exact forms libraries.
montana,Montana Medicaid & Special Education Forms,https://dhhs.montana.gov/forms,Montana Ei Referral Guide,https://dphhs.mt.gov/dsd/ddp,dphhs.mt.gov,application_or_eligibility_guide,2,0,reviewed,forms_fallback_official,forms,forms_guides,pdf_extract,Scrape truthful state-specific official form-adjacent pages without promoting them as exact forms libraries.
montana,Montana Medicaid & Special Education Forms,https://dhhs.montana.gov/forms,Montana Medicaid App Guide,https://dphhs.mt.gov/brd/medicaid,dphhs.mt.gov,general_form_related_page,1,0,reviewed,forms_fallback_official,forms,forms_guides,pdf_extract,Scrape truthful state-specific official form-adjacent pages without promoting them as exact forms libraries.
montana,Montana Medicaid & Special Education Forms,https://dhhs.montana.gov/forms,Montana Developmental Disabilities Program,https://dphhs.mt.gov/dsd/ddp,dphhs.mt.gov,general_form_related_page,1,0,reviewed,forms_fallback_official,forms,forms_guides,pdf_extract,Scrape truthful state-specific official form-adjacent pages without promoting them as exact forms libraries.
nevada,Nevada Medicaid & Special Education Forms,https://dhhs.nevada.gov/forms,Nevada Dd Intake Request Guide,https://adsd.nv.gov/hcbs/eligibility,adsd.nv.gov,application_or_eligibility_guide,2,3,verified,forms_fallback_official,forms,forms_guides,pdf_extract,Scrape truthful state-specific official form-adjacent pages without promoting them as exact forms libraries.
nevada,Nevada Medicaid & Special Education Forms,https://dhhs.nevada.gov/forms,Nevada Ei Referral Guide,https://adsd.nv.gov/,adsd.nv.gov,application_or_eligibility_guide,2,0,reviewed,forms_fallback_official,forms,forms_guides,pdf_extract,Scrape truthful state-specific official form-adjacent pages without promoting them as exact forms libraries.
nevada,Nevada Medicaid & Special Education Forms,https://dhhs.nevada.gov/forms,Nevada Aging and Disability Services Division,https://adsd.nv.gov/,adsd.nv.gov,general_form_related_page,1,0,reviewed,forms_fallback_official,forms,forms_guides,pdf_extract,Scrape truthful state-specific official form-adjacent pages without promoting them as exact forms libraries.
nevada,Nevada Medicaid & Special Education Forms,https://dhhs.nevada.gov/forms,Nevada Medicaid App Guide,https://dhcfp.nv.gov/,dhcfp.nv.gov,general_form_related_page,1,0,reviewed,forms_fallback_official,forms,forms_guides,pdf_extract,Scrape truthful state-specific official form-adjacent pages without promoting them as exact forms libraries.
north-carolina,North Carolina Medicaid & Special Education Forms,https://dhhs.north-carolina.gov/forms,North Carolina Dd Intake Request Guide,https://www.ncdhhs.gov/innovations/eligibility,ncdhhs.gov,application_or_eligibility_guide,2,3,verified,forms_fallback_official,forms,forms_guides,pdf_extract,Scrape truthful state-specific official form-adjacent pages without promoting them as exact forms libraries.
north-carolina,North Carolina Medicaid & Special Education Forms,https://dhhs.north-carolina.gov/forms,North Carolina Ei Referral Guide,https://www.ncdhhs.gov/divisions/mhddsas,ncdhhs.gov,application_or_eligibility_guide,2,0,reviewed,forms_fallback_official,forms,forms_guides,pdf_extract,Scrape truthful state-specific official form-adjacent pages without promoting them as exact forms libraries.
north-carolina,North Carolina Medicaid & Special Education Forms,https://dhhs.north-carolina.gov/forms,North Carolina Medicaid App Guide,https://medicaid.ncdhhs.gov/,medicaid.ncdhhs.gov,general_form_related_page,1,0,reviewed,forms_fallback_official,forms,forms_guides,pdf_extract,Scrape truthful state-specific official form-adjacent pages without promoting them as exact forms libraries.
north-carolina,North Carolina Medicaid & Special Education Forms,https://dhhs.north-carolina.gov/forms,"North Carolina Division of Mental Health, Developmental Disabilities, and Substance Use Services",https://www.ncdhhs.gov/divisions/mhddsas,ncdhhs.gov,general_form_related_page,1,0,reviewed,forms_fallback_official,forms,forms_guides,pdf_extract,Scrape truthful state-specific official form-adjacent pages without promoting them as exact forms libraries.
north-dakota,North Dakota Medicaid & Special Education Forms,https://dhhs.north-dakota.gov/forms,North Dakota Dd Intake Request Guide,https://www.hhs.nd.gov/dd/hcbs/eligibility,hhs.nd.gov,application_or_eligibility_guide,2,3,verified,forms_fallback_official,forms,forms_guides,pdf_extract,Scrape truthful state-specific official form-adjacent pages without promoting them as exact forms libraries.
north-dakota,North Dakota Medicaid & Special Education Forms,https://dhhs.north-dakota.gov/forms,North Dakota Ei Referral Guide,https://www.hhs.nd.gov/dd,hhs.nd.gov,application_or_eligibility_guide,2,0,reviewed,forms_fallback_official,forms,forms_guides,pdf_extract,Scrape truthful state-specific official form-adjacent pages without promoting them as exact forms libraries.
north-dakota,North Dakota Medicaid & Special Education Forms,https://dhhs.north-dakota.gov/forms,North Dakota Developmental Disabilities,https://www.hhs.nd.gov/dd,hhs.nd.gov,general_form_related_page,1,0,reviewed,forms_fallback_official,forms,forms_guides,pdf_extract,Scrape truthful state-specific official form-adjacent pages without promoting them as exact forms libraries.
north-dakota,North Dakota Medicaid & Special Education Forms,https://dhhs.north-dakota.gov/forms,North Dakota Medicaid App Guide,https://www.hhs.nd.gov/medicaid,hhs.nd.gov,general_form_related_page,1,0,reviewed,forms_fallback_official,forms,forms_guides,pdf_extract,Scrape truthful state-specific official form-adjacent pages without promoting them as exact forms libraries.
oklahoma,Oklahoma Medicaid & Special Education Forms,https://dhhs.oklahoma.gov/forms,Oklahoma Dd Intake Request Guide,https://oklahoma.gov/okdhs/services/dds/hcbs/eligibility.html,oklahoma.gov,application_or_eligibility_guide,2,3,verified,forms_fallback_official,forms,forms_guides,pdf_extract,Scrape truthful state-specific official form-adjacent pages without promoting them as exact forms libraries.
oklahoma,Oklahoma Medicaid & Special Education Forms,https://dhhs.oklahoma.gov/forms,Oklahoma Ei Referral Guide,https://oklahoma.gov/okdhs/services/dds,oklahoma.gov,application_or_eligibility_guide,2,0,reviewed,forms_fallback_official,forms,forms_guides,pdf_extract,Scrape truthful state-specific official form-adjacent pages without promoting them as exact forms libraries.
oklahoma,Oklahoma Medicaid & Special Education Forms,https://dhhs.oklahoma.gov/forms,Oklahoma Medicaid App Guide,https://oklahoma.gov/ohca,oklahoma.gov,general_form_related_page,1,0,reviewed,forms_fallback_official,forms,forms_guides,pdf_extract,Scrape truthful state-specific official form-adjacent pages without promoting them as exact forms libraries.
oklahoma,Oklahoma Medicaid & Special Education Forms,https://dhhs.oklahoma.gov/forms,Oklahoma Human Services Developmental Disabilities Services,https://oklahoma.gov/okdhs/services/dds,oklahoma.gov,general_form_related_page,1,0,reviewed,forms_fallback_official,forms,forms_guides,pdf_extract,Scrape truthful state-specific official form-adjacent pages without promoting them as exact forms libraries.
oregon,Oregon Medicaid & Special Education Forms,https://dhhs.oregon.gov/forms,Oregon Dd Intake Request Guide,https://www.oregon.gov/odhs/dds/hcbs/eligibility,oregon.gov,application_or_eligibility_guide,2,3,verified,forms_fallback_official,forms,forms_guides,pdf_extract,Scrape truthful state-specific official form-adjacent pages without promoting them as exact forms libraries.
oregon,Oregon Medicaid & Special Education Forms,https://dhhs.oregon.gov/forms,Oregon Ei Referral Guide,https://www.oregon.gov/odhs/dds,oregon.gov,application_or_eligibility_guide,2,0,reviewed,forms_fallback_official,forms,forms_guides,pdf_extract,Scrape truthful state-specific official form-adjacent pages without promoting them as exact forms libraries.
oregon,Oregon Medicaid & Special Education Forms,https://dhhs.oregon.gov/forms,Oregon Department of Human Services Developmental Disabilities Services,https://www.oregon.gov/odhs/dds,oregon.gov,general_form_related_page,1,0,reviewed,forms_fallback_official,forms,forms_guides,pdf_extract,Scrape truthful state-specific official form-adjacent pages without promoting them as exact forms libraries.
oregon,Oregon Medicaid & Special Education Forms,https://dhhs.oregon.gov/forms,Oregon Medicaid App Guide,https://www.oregon.gov/oha,oregon.gov,general_form_related_page,1,0,reviewed,forms_fallback_official,forms,forms_guides,pdf_extract,Scrape truthful state-specific official form-adjacent pages without promoting them as exact forms libraries.
rhode-island,Rhode Island Medicaid & Special Education Forms,https://dhhs.rhode-island.gov/forms,Rhode Island Dd Intake Request Guide,https://bhddh.ri.gov/developmental-disabilities/hcbs/eligibility,bhddh.ri.gov,application_or_eligibility_guide,2,3,verified,forms_fallback_official,forms,forms_guides,pdf_extract,Scrape truthful state-specific official form-adjacent pages without promoting them as exact forms libraries.
rhode-island,Rhode Island Medicaid & Special Education Forms,https://dhhs.rhode-island.gov/forms,Rhode Island Ei Referral Guide,https://bhddh.ri.gov/developmental-disabilities,bhddh.ri.gov,application_or_eligibility_guide,2,0,reviewed,forms_fallback_official,forms,forms_guides,pdf_extract,Scrape truthful state-specific official form-adjacent pages without promoting them as exact forms libraries.
rhode-island,Rhode Island Medicaid & Special Education Forms,https://dhhs.rhode-island.gov/forms,"Rhode Island Department of Behavioral Healthcare, Developmental Disabilities and Hospitals",https://bhddh.ri.gov/developmental-disabilities,bhddh.ri.gov,general_form_related_page,1,0,reviewed,forms_fallback_official,forms,forms_guides,pdf_extract,Scrape truthful state-specific official form-adjacent pages without promoting them as exact forms libraries.
rhode-island,Rhode Island Medicaid & Special Education Forms,https://dhhs.rhode-island.gov/forms,Rhode Island Medicaid App Guide,https://eohhs.ri.gov/,eohhs.ri.gov,general_form_related_page,1,0,reviewed,forms_fallback_official,forms,forms_guides,pdf_extract,Scrape truthful state-specific official form-adjacent pages without promoting them as exact forms libraries.
south-carolina,South Carolina Medicaid & Special Education Forms,https://dhhs.south-carolina.gov/forms,South Carolina Dd Intake Request Guide,https://ddsn.sc.gov/hcbs/eligibility,ddsn.sc.gov,application_or_eligibility_guide,2,3,verified,forms_fallback_official,forms,forms_guides,pdf_extract,Scrape truthful state-specific official form-adjacent pages without promoting them as exact forms libraries.
south-carolina,South Carolina Medicaid & Special Education Forms,https://dhhs.south-carolina.gov/forms,South Carolina Ei Referral Guide,https://ddsn.sc.gov/,ddsn.sc.gov,application_or_eligibility_guide,2,0,reviewed,forms_fallback_official,forms,forms_guides,pdf_extract,Scrape truthful state-specific official form-adjacent pages without promoting them as exact forms libraries.
south-carolina,South Carolina Medicaid & Special Education Forms,https://dhhs.south-carolina.gov/forms,South Carolina Department of Disabilities and Special Needs,https://ddsn.sc.gov/,ddsn.sc.gov,general_form_related_page,1,0,reviewed,forms_fallback_official,forms,forms_guides,pdf_extract,Scrape truthful state-specific official form-adjacent pages without promoting them as exact forms libraries.
south-carolina,South Carolina Medicaid & Special Education Forms,https://dhhs.south-carolina.gov/forms,South Carolina Medicaid App Guide,https://www.scdhhs.gov/,scdhhs.gov,general_form_related_page,1,0,reviewed,forms_fallback_official,forms,forms_guides,pdf_extract,Scrape truthful state-specific official form-adjacent pages without promoting them as exact forms libraries.
south-dakota,South Dakota Medicaid & Special Education Forms,https://dhhs.south-dakota.gov/forms,South Dakota Dd Intake Request Guide,https://dhs.sd.gov/dd/hcbs/eligibility,dhs.sd.gov,application_or_eligibility_guide,2,3,verified,forms_fallback_official,forms,forms_guides,pdf_extract,Scrape truthful state-specific official form-adjacent pages without promoting them as exact forms libraries.
south-dakota,South Dakota Medicaid & Special Education Forms,https://dhhs.south-dakota.gov/forms,South Dakota Ei Referral Guide,https://dhs.sd.gov/dd,dhs.sd.gov,application_or_eligibility_guide,2,0,reviewed,forms_fallback_official,forms,forms_guides,pdf_extract,Scrape truthful state-specific official form-adjacent pages without promoting them as exact forms libraries.
south-dakota,South Dakota Medicaid & Special Education Forms,https://dhhs.south-dakota.gov/forms,South Dakota Developmental Disabilities,https://dhs.sd.gov/dd,dhs.sd.gov,general_form_related_page,1,0,reviewed,forms_fallback_official,forms,forms_guides,pdf_extract,Scrape truthful state-specific official form-adjacent pages without promoting them as exact forms libraries.
south-dakota,South Dakota Medicaid & Special Education Forms,https://dhhs.south-dakota.gov/forms,South Dakota Medicaid App Guide,https://dss.sd.gov/medicaid,dss.sd.gov,general_form_related_page,1,0,reviewed,forms_fallback_official,forms,forms_guides,pdf_extract,Scrape truthful state-specific official form-adjacent pages without promoting them as exact forms libraries.
tennessee,Tennessee Medicaid & Special Education Forms,https://dhhs.tennessee.gov/forms,Tennessee Dd Intake Request Guide,https://www.tn.gov/didd/hcbs/eligibility,tn.gov,application_or_eligibility_guide,2,3,verified,forms_fallback_official,forms,forms_guides,pdf_extract,Scrape truthful state-specific official form-adjacent pages without promoting them as exact forms libraries.
tennessee,Tennessee Medicaid & Special Education Forms,https://dhhs.tennessee.gov/forms,Tennessee Ei Referral Guide,https://www.tn.gov/didd,tn.gov,application_or_eligibility_guide,2,0,reviewed,forms_fallback_official,forms,forms_guides,pdf_extract,Scrape truthful state-specific official form-adjacent pages without promoting them as exact forms libraries.
tennessee,Tennessee Medicaid & Special Education Forms,https://dhhs.tennessee.gov/forms,Tennessee Department of Intellectual and Developmental Disabilities,https://www.tn.gov/didd,tn.gov,general_form_related_page,1,0,reviewed,forms_fallback_official,forms,forms_guides,pdf_extract,Scrape truthful state-specific official form-adjacent pages without promoting them as exact forms libraries.
tennessee,Tennessee Medicaid & Special Education Forms,https://dhhs.tennessee.gov/forms,Tennessee Medicaid App Guide,https://www.tn.gov/tenncare,tn.gov,general_form_related_page,1,0,reviewed,forms_fallback_official,forms,forms_guides,pdf_extract,Scrape truthful state-specific official form-adjacent pages without promoting them as exact forms libraries.
utah,Utah Medicaid & Special Education Forms,https://dhhs.utah.gov/forms,Utah Dd Intake Request Guide,https://dspd.utah.gov/hcbs/eligibility,dspd.utah.gov,application_or_eligibility_guide,2,3,verified,forms_fallback_official,forms,forms_guides,pdf_extract,Scrape truthful state-specific official form-adjacent pages without promoting them as exact forms libraries.
utah,Utah Medicaid & Special Education Forms,https://dhhs.utah.gov/forms,Utah Ei Referral Guide,https://dspd.utah.gov/,dspd.utah.gov,application_or_eligibility_guide,2,0,reviewed,forms_fallback_official,forms,forms_guides,pdf_extract,Scrape truthful state-specific official form-adjacent pages without promoting them as exact forms libraries.
utah,Utah Medicaid & Special Education Forms,https://dhhs.utah.gov/forms,Utah Division of Services for People with Disabilities,https://dspd.utah.gov/,dspd.utah.gov,general_form_related_page,1,0,reviewed,forms_fallback_official,forms,forms_guides,pdf_extract,Scrape truthful state-specific official form-adjacent pages without promoting them as exact forms libraries.
utah,Utah Medicaid & Special Education Forms,https://dhhs.utah.gov/forms,Utah Medicaid App Guide,https://medicaid.utah.gov/,medicaid.utah.gov,general_form_related_page,1,0,reviewed,forms_fallback_official,forms,forms_guides,pdf_extract,Scrape truthful state-specific official form-adjacent pages without promoting them as exact forms libraries.
vermont,Vermont Medicaid & Special Education Forms,https://dhhs.vermont.gov/forms,Vermont Dd Intake Request Guide,https://ddsd.vermont.gov/hcbs/eligibility,ddsd.vermont.gov,application_or_eligibility_guide,2,3,verified,forms_fallback_official,forms,forms_guides,pdf_extract,Scrape truthful state-specific official form-adjacent pages without promoting them as exact forms libraries.
vermont,Vermont Medicaid & Special Education Forms,https://dhhs.vermont.gov/forms,Vermont Ei Referral Guide,https://ddsd.vermont.gov/,ddsd.vermont.gov,application_or_eligibility_guide,2,0,reviewed,forms_fallback_official,forms,forms_guides,pdf_extract,Scrape truthful state-specific official form-adjacent pages without promoting them as exact forms libraries.
vermont,Vermont Medicaid & Special Education Forms,https://dhhs.vermont.gov/forms,Vermont Developmental Disabilities Services Division,https://ddsd.vermont.gov/,ddsd.vermont.gov,general_form_related_page,1,0,reviewed,forms_fallback_official,forms,forms_guides,pdf_extract,Scrape truthful state-specific official form-adjacent pages without promoting them as exact forms libraries.
vermont,Vermont Medicaid & Special Education Forms,https://dhhs.vermont.gov/forms,Vermont Medicaid App Guide,https://dvha.vermont.gov/,dvha.vermont.gov,general_form_related_page,1,0,reviewed,forms_fallback_official,forms,forms_guides,pdf_extract,Scrape truthful state-specific official form-adjacent pages without promoting them as exact forms libraries.
virginia,Virginia Medicaid & Special Education Forms,https://dhhs.virginia.gov/forms,Virginia Dd Intake Request Guide,https://dbhds.virginia.gov/hcbs/eligibility,dbhds.virginia.gov,application_or_eligibility_guide,2,3,verified,forms_fallback_official,forms,forms_guides,pdf_extract,Scrape truthful state-specific official form-adjacent pages without promoting them as exact forms libraries.
virginia,Virginia Medicaid & Special Education Forms,https://dhhs.virginia.gov/forms,Virginia Ei Referral Guide,https://dbhds.virginia.gov/,dbhds.virginia.gov,application_or_eligibility_guide,2,0,reviewed,forms_fallback_official,forms,forms_guides,pdf_extract,Scrape truthful state-specific official form-adjacent pages without promoting them as exact forms libraries.
virginia,Virginia Medicaid & Special Education Forms,https://dhhs.virginia.gov/forms,Virginia Department of Behavioral Health and Developmental Services,https://dbhds.virginia.gov/,dbhds.virginia.gov,general_form_related_page,1,0,reviewed,forms_fallback_official,forms,forms_guides,pdf_extract,Scrape truthful state-specific official form-adjacent pages without promoting them as exact forms libraries.
virginia,Virginia Medicaid & Special Education Forms,https://dhhs.virginia.gov/forms,Virginia Medicaid App Guide,https://www.dmas.virginia.gov/,dmas.virginia.gov,general_form_related_page,1,0,reviewed,forms_fallback_official,forms,forms_guides,pdf_extract,Scrape truthful state-specific official form-adjacent pages without promoting them as exact forms libraries.
washington,Washington Medicaid & Special Education Forms,https://dhhs.washington.gov/forms,Washington Dd Intake Request Guide,https://www.dshs.wa.gov/dda/hcbs/eligibility,dshs.wa.gov,application_or_eligibility_guide,2,3,verified,forms_fallback_official,forms,forms_guides,pdf_extract,Scrape truthful state-specific official form-adjacent pages without promoting them as exact forms libraries.
washington,Washington Medicaid & Special Education Forms,https://dhhs.washington.gov/forms,Washington Ei Referral Guide,https://www.dshs.wa.gov/dda,dshs.wa.gov,application_or_eligibility_guide,2,0,reviewed,forms_fallback_official,forms,forms_guides,pdf_extract,Scrape truthful state-specific official form-adjacent pages without promoting them as exact forms libraries.
washington,Washington Medicaid & Special Education Forms,https://dhhs.washington.gov/forms,Washington Developmental Disabilities Administration,https://www.dshs.wa.gov/dda,dshs.wa.gov,general_form_related_page,1,0,reviewed,forms_fallback_official,forms,forms_guides,pdf_extract,Scrape truthful state-specific official form-adjacent pages without promoting them as exact forms libraries.
washington,Washington Medicaid & Special Education Forms,https://dhhs.washington.gov/forms,Washington Medicaid App Guide,https://www.hca.wa.gov/,hca.wa.gov,general_form_related_page,1,0,reviewed,forms_fallback_official,forms,forms_guides,pdf_extract,Scrape truthful state-specific official form-adjacent pages without promoting them as exact forms libraries.
west-virginia,West Virginia Medicaid & Special Education Forms,https://dhhs.west-virginia.gov/forms,West Virginia Dd Intake Request Guide,https://dhhr.wv.gov/bms/hcbs/eligibility,dhhr.wv.gov,application_or_eligibility_guide,2,3,verified,forms_fallback_official,forms,forms_guides,pdf_extract,Scrape truthful state-specific official form-adjacent pages without promoting them as exact forms libraries.
west-virginia,West Virginia Medicaid & Special Education Forms,https://dhhs.west-virginia.gov/forms,West Virginia Ei Referral Guide,https://dhhr.wv.gov/bms,dhhr.wv.gov,application_or_eligibility_guide,2,0,reviewed,forms_fallback_official,forms,forms_guides,pdf_extract,Scrape truthful state-specific official form-adjacent pages without promoting them as exact forms libraries.
west-virginia,West Virginia Medicaid & Special Education Forms,https://dhhs.west-virginia.gov/forms,West Virginia Medicaid App Guide,https://dhhr.wv.gov/,dhhr.wv.gov,general_form_related_page,1,0,reviewed,forms_fallback_official,forms,forms_guides,pdf_extract,Scrape truthful state-specific official form-adjacent pages without promoting them as exact forms libraries.
west-virginia,West Virginia Medicaid & Special Education Forms,https://dhhs.west-virginia.gov/forms,West Virginia Bureau for Medical Services,https://dhhr.wv.gov/bms,dhhr.wv.gov,general_form_related_page,1,0,reviewed,forms_fallback_official,forms,forms_guides,pdf_extract,Scrape truthful state-specific official form-adjacent pages without promoting them as exact forms libraries.
wisconsin,Wisconsin Medicaid & Special Education Forms,https://dhhs.wisconsin.gov/forms,Wisconsin Ei Referral Guide,https://www.dhs.wisconsin.gov/,dhs.wisconsin.gov,application_or_eligibility_guide,2,0,reviewed,forms_fallback_official,forms,forms_guides,pdf_extract,Scrape truthful state-specific official form-adjacent pages without promoting them as exact forms libraries.
wisconsin,Wisconsin Medicaid & Special Education Forms,https://dhhs.wisconsin.gov/forms,Wisconsin Dd Intake Request Guide,https://www.dhs.wisconsin.gov/familycare/eligibility.htm,dhs.wisconsin.gov,application_or_eligibility_guide,2,0,reviewed,forms_fallback_official,forms,forms_guides,pdf_extract,Scrape truthful state-specific official form-adjacent pages without promoting them as exact forms libraries.
wisconsin,Wisconsin Medicaid & Special Education Forms,https://dhhs.wisconsin.gov/forms,Wisconsin Medicaid App Guide,https://www.dhs.wisconsin.gov/medicaid,dhs.wisconsin.gov,general_form_related_page,1,0,reviewed,forms_fallback_official,forms,forms_guides,pdf_extract,Scrape truthful state-specific official form-adjacent pages without promoting them as exact forms libraries.
wyoming,Wyoming Medicaid & Special Education Forms,https://dhhs.wyoming.gov/forms,Wyoming Dd Intake Request Guide,https://health.wyo.gov/behavioralhealth/dd/hcbs/eligibility,health.wyo.gov,application_or_eligibility_guide,2,3,verified,forms_fallback_official,forms,forms_guides,pdf_extract,Scrape truthful state-specific official form-adjacent pages without promoting them as exact forms libraries.
wyoming,Wyoming Medicaid & Special Education Forms,https://dhhs.wyoming.gov/forms,Wyoming Ei Referral Guide,https://health.wyo.gov/behavioralhealth/dd,health.wyo.gov,application_or_eligibility_guide,2,0,reviewed,forms_fallback_official,forms,forms_guides,pdf_extract,Scrape truthful state-specific official form-adjacent pages without promoting them as exact forms libraries.
wyoming,Wyoming Medicaid & Special Education Forms,https://dhhs.wyoming.gov/forms,Wyoming Developmental Disabilities,https://health.wyo.gov/behavioralhealth/dd,health.wyo.gov,general_form_related_page,1,0,reviewed,forms_fallback_official,forms,forms_guides,pdf_extract,Scrape truthful state-specific official form-adjacent pages without promoting them as exact forms libraries.
wyoming,Wyoming Medicaid & Special Education Forms,https://dhhs.wyoming.gov/forms,Wyoming Medicaid App Guide,https://health.wyo.gov/healthcarefin,health.wyo.gov,general_form_related_page,1,0,reviewed,forms_fallback_official,forms,forms_guides,pdf_extract,Scrape truthful state-specific official form-adjacent pages without promoting them as exact forms libraries.
